-1.4552853995349724,0.09008392675985322,0.0930104475305188,0.3548027042615386,-0.22430564600877315,-0.4471840870898357,-0.9816263268388165,-0.17816099986636885,0.03198864754940989,0.011430262857418994,0.16192802433874023,-1.1867104084643516,-1.1561558888693482,0.2615222313449929
-1.6183548458153776,0.09275482506007669,0.004467903293980044,0.3146625241462326,-0.2497440811088981,-0.3180249232219398,-0.7740092496571815,-0.4815154256919427,0.14181122972084254,0.012235691022324207,0.24484262047891525,-1.0558122007204667,-1.1770014317813375,0.21757505717581532
-1.3534820057370174,0.09374984762343026,-0.09971136512607567,0.13529605292817445,-0.27067461552924715,-0.48906245799702963,-1.2333059730638383,-0.3503555669798116,0.442842756898062,0.014220110717738788,0.206361649747354,-1.1819251775345896,-1.2493432672535871,0.21356202829008916
-1.1403789832308024,0.09184123855452438,-0.04326636498973923,0.227139646502408,-0.3925467696161485,-0.2355446649727267,-1.1085392237564669,-0.6706931633891531,0.38056678285709533,0.013944358250571281,0.158667922493583,-1.2877227883471767,-1.18332738237557,0.20377332666539494
-0.8857574340681705,0.08830259952615267,-0.21314368651520016,0.05986005891393111,-0.3387111505521842,-0.49444863516944054,-1.172288092113909,-0.5978674217944889,0.29071755239824687,-0.003958971789599638,0.13859613620037445,-1.1701561063312367,-1.3578813368116243,0.2303883513906101
-1.508031187253549,0.09471142406414734,0.1391678959659943,0.28819192949691924,-0.25183473139977364,-0.35598621457524876,-0.9228059279322416,-0.7138893930595895,0.5104180961535987,0.01954444333264806,0.1450213370131843,-1.18755826452578,-1.1536119457447458,0.2003110496422169
-1.267858897769619,0.09266784675337796,0.03524984548789045,0.21195837087944522,-0.1843842605921455,-0.42761302218468455,-0.957303072001765,-0.6198970387631701,0.3593161941638892,0.015981721423194786,0.11341745667927144,-1.2110394350617366,-1.2433554185194087,0.21146545084638074
-1.248211464521022,0.0903554968169957,0.01794397438292595,0.17511402048437977,-0.3105762566765631,-0.32209774502523947,-0.7801258031514317,-0.23254453698922192,-0.055923897632478535,0.005249443149229082,0.1949720331033645,-1.1830418714777569,-1.2459918073995806,0.2234762585700853
-1.3064930016597929,0.0920641665179517,-0.17678722968812147,0.1255012014202302,-0.2708614079548417,-0.4968098174647068,-0.8992535314263397,-0.3633711048967438,0.11058221302608717,0.0022324534257612133,0.14921928987207206,-1.0672904766681877,-1.1332004009108485,0.1967282228738574
-1.023766179190156,0.0897420510285554,-0.1814933143440796,0.21538952943997455,-0.24627705525904928,-0.45167070600472836,-1.6926997799908732,-0.4091872715203983,0.5218154119803655,0.009240899502504347,0.16727153638568212,-1.2799190733834638,-1.2118831760517217,0.2647775067510382
-1.6454986992698786,0.09805114230359821,-0.004076684726813239,0.22944961529764124,-0.2595170187595302,-0.48961172346745413,-1.1048797426516221,-0.6380843049451482,-0.13965958297886,0.016878006680178775,0.21072970184301756,-1.1329116645668638,-1.1536528748248656,0.22202343168551944
-0.9737364615024475,0.09326648093283188,-0.2726402405223183,-0.050574921641002926,-0.29423435745442195,-0.4546669543581752,-1.046967821119072,-0.7298043176639575,0.03622376875310829,0.0007788603146562424,0.109770835327181,-1.219003455592578,-1.1126310559724788,0.21634783613470526
-1.4296066184769551,0.09459423797711451,0.01956126445129496,0.24174467019128645,-0.23690192366165544,-0.49346954246996716,-1.0302626333596376,-0.2771113561796651,-0.08730435100154087,0.01363534107134202,0.21138452768252722,-1.1858653859630754,-1.2922595779446335,0.21652400189938387
-1.2421440875330236,0.09292289563754327,0.020858183683783994,0.17236005524598103,-0.33814478748624066,-0.501390951897853,-0.7998536336141265,-0.6648194499929618,-0.08193243712954097,0.006660798452693534,0.14678583110407323,-1.1909634881391797,-1.1739263381696374,0.2569161815263631
-1.4478381756588508,0.0949100514765587,-0.17870628110955966,0.019043171387039134,-0.22415573279565645,-0.4002381267311908,-1.0345255873479176,-0.8224588215522348,0.22144497333107496,0.014390901877944817,0.22747926169322927,-1.115883887595369,-1.1694531081047235,0.19925771964728078
-1.1727473975588307,0.08943256730678353,0.007008902228918401,0.1561179827525159,-0.3320447579838969,-0.5612810295971995,-1.049247986911042,-0.7904934623195571,-0.14432461396457855,0.0065451594728162844,0.1445340641176276,-1.176982133113537,-1.0873217527954775,0.257355266721052
-1.0740332960747057,0.08749925569943805,-0.06283193337822837,0.039398527787694974,-0.2284841611209669,-0.6955272319780309,-1.3581045641173166,-0.9400053243019137,0.44076812640271446,-0.00937677170665115,0.14943533778997142,-1.1531684471782562,-1.1549370207198044,0.296559912247096
-1.372682967541241,0.09150760323528996,-0.15125333107312108,0.13030869879841034,-0.23470100993600543,-0.6085387033209445,-1.306015164346808,-0.28557568677884043,0.23407204308581797,0.009137059505604034,0.1708718230675003,-1.0578543540561853,-1.2143546950634059,0.2308166042260518
-0.8957866947693133,0.0875915081387091,-0.2890855841051447,0.1514739675999893,-0.3967558014415543,-0.36492523202596067,-1.1412907257372447,-0.45827029321612234,0.31523274788609024,0.004150372792500877,0.12296666820933462,-1.1683281895173174,-1.2892563396998415,0.2136401944608628
-1.2134560281354674,0.09024170091321262,-0.05942211851754367,0.11619924731745795,-0.283794973578975,-0.2633875565980778,-0.6678848573822589,-0.38560460977001015,0.13720673452088447,0.022360739512570157,0.18699612410040412,-1.2456432845766339,-1.123397821675419,0.21550565335531408
-1.2186885904005507,0.09441566727341913,-0.06361827487810928,0.08552733079155787,-0.2961183082320711,-0.784491978927303,-0.973384813811561,-0.32157870974786373,0.4712336228243483,0.010147311991495584,0.18411302147862668,-1.1898017358249542,-1.3055436879699862,0.2119440942012654
-1.0732185090547897,0.08766588449878533,-0.11848896647103002,0.1354935875853389,-0.180748711483472,-0.40606058590987065,-1.4209571299103458,-0.970453397728099,0.25151956064427267,0.0012599066802112429,0.14039982212219837,-1.1495647718639341,-1.2469662836988127,0.22557078483163145
-1.3450033761704878,0.09478502379292184,-0.2632434111336802,-0.019928686787365285,-0.3110388374134713,-0.421124826606594,-1.0110863852416936,-0.525108920455876,0.3463245148541986,0.01940092604204757,0.20293424481385533,-1.1202343657038716,-1.1464880053945767,0.19162355094982905
-1.0137011373388602,0.08869068585831368,-0.25671636300279066,-0.0003551050155697383,-0.2506258407817479,-0.3003077586214805,-1.493411111488139,-0.861082626728659,0.3595214954280071,0.007197702972636465,0.17003379318790485,-1.2286652304541335,-1.2309918608258676,0.2868814287133136
-1.3208020150937347,0.09538915726944447,-0.12230704703186082,0.04439823876471685,-0.28040896060121073,-0.4516140277742012,-0.9554334182408488,-0.1328954610495553,0.32895881489729895,0.010641128004425255,0.17537667707808016,-1.1264586080834205,-1.1791925578374165,0.2882135325471344
-1.2364796534773423,0.09395548452049689,-0.12722958968377301,0.13812025126242122,-0.36010532211130497,-0.2662670351875588,-1.5617473668267414,-0.5669220310977329,0.14737633568127273,0.020141798339402214,0.18184064879339684,-1.2259200045044352,-1.1769645191562295,0.24951384361923265
-1.5247163434678728,0.0975421664179542,0.04349336146047862,0.22431788220308505,-0.23466524606934114,-0.32447863038409047,-0.9924020386986501,-0.5566813883947339,0.24631652775139481,0.007278361805776135,0.22497766284423987,-1.1816230521924822,-1.1444095661632745,0.21378498679513303
-1.1641812326674568,0.09056859667833678,-0.07729985763902542,0.20973205818787638,-0.3847076126297192,-0.28642668969215934,-1.30093361661865,-0.4234635105120154,0.06831421051987878,0.010747572974085781,0.13354409598260353,-1.07778669792682,-1.3363335780232652,0.2970774670784646
-1.4961554700261994,0.09421105170734828,0.01992104155726189,0.22635115703168107,-0.2512555255181666,-0.43618549994949,-0.7931594033240018,-0.6479622243908248,0.6947275120762452,0.011535725515993309,0.11941210703791003,-1.1497300600341989,-1.1246362504224294,0.23898567215088712
-1.1348720873518638,0.08564679319536439,-0.09295992391865673,0.1902861184343927,-0.2016800946426468,-0.25762823895625364,-0.891865892804216,-0.4758844757489827,-0.007816915892998487,0.00640216612234745,0.1520408647579042,-1.156694129695142,-1.2201523101932086,0.23004642333277325
-1.667520010463644,0.10235916354814602,-0.1855471561426961,0.07484961936243162,-0.2087393004219413,-0.6207999179543778,-0.9564685851436159,-0.3240647840621631,0.1343338574412325,0.01320252259421284,0.11574581566685833,-1.0731799555861403,-1.192762173395337,0.2517236109946414
-1.1089938401951562,0.09293679888693847,-0.13543826044918778,0.13377570708224365,-0.33582254841142156,-0.3748599858703675,-1.0522280805987811,-0.48665805859554156,0.24149167852841072,-0.003202469956777049,0.12637320441678135,-1.1862299357991084,-1.2119083042209535,0.2292585456609839
-1.5020961583706036,0.09231309086559059,0.017755736662472495,0.3480126337848621,-0.19419894116917022,-0.2876909917509449,-1.0984515158261134,-0.641492002536127,0.5061748377277736,-0.001564939380633365,0.14266950490406663,-1.0920082309115782,-1.1146353299219367,0.2209335691143774
-1.2267444084220203,0.09119309541625324,0.13453776171688814,0.333347179367414,-0.1596716778383121,-0.47642485301370074,-0.8701181005396394,-0.11188124216920672,0.21151551573054753,0.000429858339104942,0.12972847955943656,-1.3216346169923374,-1.358943784246097,0.19924330966772788
-1.1736372608696404,0.08552966680574418,0.20266612243366286,0.36145482397462386,-0.23454304298949225,-0.23313240337627775,-1.2066593486943187,-0.21749926211465315,0.05793689454263592,0.007086680299749852,0.14834591856037133,-1.2677691874183143,-1.2195163171114607,0.2105529095904904
-1.3941725471561706,0.10017241637774374,-0.06101154956289901,0.14947201463115248,-0.42902914902059436,-0.4965531054560872,-1.5996305294354678,-0.4419443064520074,0.17261031138290894,0.006365896068637085,0.22197827512228074,-1.1837110289181012,-1.1493719806574343,0.2886786045008477
-1.5637607553619575,0.09726658998984707,0.0038373557666869645,0.18887605825828604,-0.40777734809519595,-0.6511592099987007,-0.7748596001930549,-0.9157976487766886,0.04322602121475681,0.014662721015944962,0.18750522635808045,-1.053585069482499,-1.0844656760120572,0.20262294885769586
-1.525786432550787,0.09878240545314178,-0.12665422163979823,0.1665828728774748,-0.33484798227734236,-0.47235153104732763,-0.6918664389586163,-0.38079183868222466,-0.19309211244708632,0.019894403070298286,0.22671604434205797,-1.1559118584270947,-1.237965452793775,0.2526635292699078
-1.1363710401243294,0.08894147250721109,-0.07631782490656283,0.10813733145081367,-0.29574774806149823,-0.23739417035783436,-1.3717072090236526,-0.5422697273101739,0.14010564605400735,0.004574711206706743,0.20159488279709048,-1.2217975247323267,-1.1318062813288892,0.21020591082722598
-1.2296360811719247,0.08998574629609629,-0.09689761396990179,0.25339435975067415,-0.3187265940727324,-0.30370566730949605,-1.0210112299695868,-0.4319568322406487,-0.08071152154234863,0.00813818696491546,0.21308068915294526,-1.1332110324892446,-1.171942949879824,0.2186470125367568
-1.358320089536207,0.09513986516998638,-0.11191357630910005,0.1569826077781401,-0.358411764788313,-0.5482957977899544,-1.2731607968880914,-0.737767312321433,0.4001338406643317,0.0035931110645834774,0.20188043399479344,-1.133964258166337,-1.1786102674578394,0.2112561150940948
-0.8890298343369931,0.09353872359834657,-0.211827007567435,-0.01311399915661619,-0.44566073356145497,-0.368790423730079,-1.3677810582909575,-0.27240108358774334,0.47586262075440316,0.005125150358522881,0.1281620977346652,-1.1960571039097347,-1.2690514572871232,0.2207668072470981
-1.5484780104213516,0.09912708134438263,-0.2936841632695415,0.03283524104553997,-0.11083898575892695,-0.2826756005821506,-0.8632525952339489,-0.2789166266587723,0.3799569056082055,0.025184699911712804,0.1647520279724547,-1.0983824000472264,-1.2154664478008912,0.2393624781970563
-1.1458563268303714,0.09247878185145934,0.009414697522010088,0.07789998787251584,-0.4363923050522978,-0.3823086852026099,-1.5063112652258428,-0.3279740325956843,0.1300647158345997,0.00747705915748734,0.21012385722756274,-1.211732148521527,-1.2481555631902654,0.22546382201257653
-1.374935681368088,0.09148293794007271,-0.15154124803115884,0.06924567786718842,-0.19925113181241366,-0.36960160413217386,-0.6368639950349275,-0.46451228320806387,0.43849744140768404,0.010988268734737813,0.17146859144978935,-1.099257380604123,-1.199875190427136,0.28770889714126
-0.8700184731712864,0.09167110020751798,-0.13290902845610975,0.006261131786424758,-0.45659157293868335,-0.4387448991427071,-1.0642632845920705,-0.3173656038513281,0.09082092896225288,0.0005876379879223805,0.10271108373747125,-1.2277362172854391,-1.2068448290172402,0.1976051061849278
-1.2858227993502551,0.09031438265159401,0.014595914079020075,0.18519179741583822,-0.26528089602290134,-0.5143970030234111,-1.3786838621240705,-0.7261869704705974,0.05604095029504871,-0.00014070263091780052,0.17720563956756505,-1.0945901036954568,-1.2999977769183382,0.2005755407841679
-0.9999026263901057,0.08821782861900174,-0.11292597469575463,0.18593713935401807,-0.18778359627871927,-0.22650704835481147,-1.1347449000320704,-0.5319548547252624,0.10735250049937356,0.009254215474664226,0.15683867127602497,-1.2929483003167366,-1.3206161665290872,0.1839556094382106
-1.4671763087778633,0.09545469137349358,-0.08771701897165579,0.15796101804269722,-0.17562295363214817,-0.5160182893964724,-1.0611526019700699,-0.324352578073423,0.28956123245596016,0.016634107921461506,0.20309941538578627,-1.1591380371400601,-1.2769163574262117,0.21587311091019784
-1.5278110075123816,0.09674862106660172,-0.09468747053821688,0.20212518987612446,-0.3090148042157625,-0.5010292507955904,-0.958917177004758,-0.3431216641556745,0.4060500680495322,0.016726708455362192,0.23584693578406504,-1.1461180749333324,-1.2758810399835245,0.21813783299129658
-1.2539192388195932,0.08885196798039026,0.041829268515449235,0.3338350752491808,-0.17532351658985124,-0.2044248705951623,-0.7321725891023665,-0.5464195039122408,0.0464428005568178,0.0018667796899137841,0.13943160584133985,-1.250714694198798,-1.22013615718241,0.22806250041170045
-1.1344216380883259,0.09065341527253529,-0.09068429268531174,0.16526124192076594,-0.3150828823448836,-0.2748348559136696,-1.086189846037188,-0.20353344438643728,0.3146342652257014,0.0035425799392610757,0.25703814873410463,-1.227564406336263,-1.2376300395471536,0.2641360234690835
-1.1717924095140768,0.09158697267453593,-0.18869092308206406,0.03623238373742179,-0.24107652142174715,-0.5448052855206071,-1.069166847852468,-0.5531514078366527,0.282309190463058,0.0019738664356452316,0.26243229797384404,-1.200958987432684,-1.2006503924138108,0.23089492662222386
-1.1129439015552887,0.0905461273716733,-0.03636178124913923,0.049698239784988864,-0.35218856689806816,-0.2524852155234583,-1.0947225020082343,-0.6021925887318941,0.36820138863347474,-0.00047388156374812744,0.10196674362291784,-1.158023259656626,-1.1448327082961904,0.22119254300535066
-1.2750227740705444,0.09145248768742785,0.014352595136175072,0.2404356805839167,-0.20181497206489685,-0.6067380833701506,-1.1600399169040876,-0.35227011787237694,0.19778921210062098,0.019009636694646673,0.1205868053387017,-1.2341878307384986,-1.0910824509126016,0.2144365145249433
-1.2403783881272399,0.09497663457917824,-0.11248525641044438,0.09148224780338679,-0.13089513765309055,-0.28902392609274297,-1.1448096679288262,-0.5502809455181226,0.20406751083064886,0.002095054746203265,0.16510623169597455,-1.265875064833646,-1.2196045310310084,0.22773688765138378
-1.291931355550851,0.0956229464342016,-0.08629794986029267,0.041868193158631536,-0.3066739148096296,-0.5209209519027725,-0.9191421347983301,-0.22396367654571211,-0.011126276164496938,0.013962570842925012,0.13476493697503858,-1.1476398893499373,-1.2439087769549975,0.29588563590929445
-1.1054699229068963,0.0927149928482267,-0.1519754259973453,0.12548531884101322,-0.2196735492454537,-0.47721667441651744,-1.1944893671769614,-0.8155471181766788,0.25044524680953845,0.010711131213393647,0.156449802505183,-1.2715557262523096,-1.232405605149152,0.22876212418910874
-1.3499974201670746,0.09469698242782164,-0.11523089836290559,0.2219316868847953,-0.26281764728988494,-0.3289007726748768,-1.2700129540454175,-0.49371595043612687,0.26510989712677646,0.003173732239270726,0.1322523141454923,-1.1479839477483749,-1.2027266993940835,0.22687612694202663
-1.1756122878974,0.09098836194854873,-0.026278061428202344,0.24011151105489392,-0.2938861570028183,-0.5770513652162753,-0.9610052162327867,-0.6737908734044534,0.3029916690713992,0.006161605311066101,0.17907184530446663,-1.2023012061778744,-1.3425345765595253,0.2634449415033665
-0.9747068917227009,0.09055227526065666,-0.26196421593622127,0.02986595381149897,-0.296740996468591,-0.37582396736698787,-1.03369289428742,0.06607175691663163,-0.013592612124196927,-0.0008023213597609141,0.1846573321266973,-1.2246521474530232,-1.2651568896377083,0.2200576369568453
-1.2267482663521199,0.09109749889071661,0.055639285522765175,0.383598439768889,-0.3436908002453807,-0.22527754950564968,-0.8724622859479828,-0.7002181437486292,0.3546641527508868,-0.0035890650457694223,0.1992987013352111,-1.2690558016871654,-1.107082461964795,0.2595427651495466
-1.1961607698063075,0.09214823945606877,0.08293379622984058,0.2495086531738331,-0.30839652367493753,-0.43586694738691506,-1.2678499169785602,-0.22560290742610253,0.5235377172217209,2.192311085808333e-5,0.15513855950280425,-1.2207642003440624,-1.2936839781066207,0.2294368763077494
-1.0358118286430604,0.09043972800954174,-0.11114860590526003,0.0361255606347898,-0.3263973209831133,-0.49054528716880275,-1.1755973605373449,-0.5666430262671013,0.00022520733956988686,0.008595801153914189,0.21548258887579083,-1.2441113925871796,-1.264459447036169,0.2202462861265771
-1.1001689544757505,0.0823711089999961,-0.05588191287273658,0.13763934046512533,-0.17216103766257784,-0.4152832868960252,-0.6692444773209598,-0.20509537266377037,0.17111116939607351,0.0040581894495428684,0.1720166458403795,-1.1612112545118165,-1.1960800803204843,0.22862947151957502
-1.1053944018867594,0.0909207937067314,-0.2137798243311473,0.038957652177148985,-0.4235517291125981,-0.5640905367710625,-1.4438443458999908,-0.15969701370273254,0.23220036804093835,0.0010761876006609274,0.16410503949018257,-1.0711872528698407,-1.149107294993452,0.2915200197911496
-1.2054409682137825,0.09444605804247708,-0.10823249112625395,0.1459526785973744,-0.21275764993104823,-0.40977873368121454,-1.1343918441615508,0.009792735139792915,-0.08034333847492099,0.0024535273124103073,0.1637934170498159,-1.326640293660347,-1.2393190911633747,0.2333274484802567
-1.3047039730452354,0.09297714611616248,0.022186008707410228,0.24897645919249278,-0.31198883381054054,-0.48195136930215016,-1.2006661739445832,-0.13336466322489188,0.175811855591805,0.01675483061518313,0.1532533616399771,-1.2481485782440078,-1.2354244713366909,0.291352571384116
-1.0709871041100978,0.09035392161628714,-0.27703081994281586,-0.1217316581172509,-0.33959941156058226,-0.6027074846764476,-1.1177560236315551,-0.4527120673206851,0.2970656136025814,0.0025350824802122178,0.11135739511885033,-1.0877217621963846,-1.1890743080755253,0.23029377272540794
-0.7710422203734475,0.0864580763244128,-0.32430189180650804,-0.03309848154589663,-0.3642900758424637,-0.5415249037759304,-1.4901648336734563,-0.3750813291925096,0.05431614367041622,-0.009779078677473924,0.20147809688083754,-1.1914618134449388,-1.2314509480258278,0.22171588990812952
-1.33413192867963,0.09341387350781895,-0.13884765410063238,0.14510709858367613,-0.3266027218020262,-0.4921075551537583,-1.1080781499435717,-0.4089677065864321,-0.08213698788124568,-0.008266719961415155,0.19789520054877138,-1.0750474984268004,-1.0913302466873,0.2092135988790263
-1.4072136520701835,0.09446012057181048,0.06982305006399768,0.24617454756807156,-0.3552968913746114,-0.3447212239567641,-1.1566873667238478,-0.8259147806437314,0.36020116661017504,0.0062993784434810934,0.18854121404110522,-1.144810249030764,-1.2413858768999528,0.22757899520858685
-0.9013800171335413,0.08872253882057539,-0.13038668236436426,0.0993199154561985,-0.407767071964444,-0.550849994438328,-0.9773832742856483,-0.3386872588230965,0.20215776961796347,0.01239242881947062,0.13443086891503064,-1.2779928929595676,-1.1696257667100116,0.2524333258005128
-1.1654019477860749,0.09779931050051202,-0.07544008334460639,0.08690365631473382,-0.42718267109300834,-0.6398099869973595,-1.4912706745607918,-0.4743091262970997,-0.11479564226941211,0.023655295295778686,0.15990006047732128,-1.249987180048959,-1.278508287617578,0.26296189143930493
-1.3691911274784232,0.0965253138112968,-0.14838112334985268,0.05564709354030254,-0.25428183157899303,-0.4882067675991909,-1.0840573891482495,-0.4093491111526708,0.4089362725233126,0.0025470914559459915,0.19556203697204938,-1.146680244919315,-1.3170125013479146,0.25049962052251296
-1.3463328531821201,0.09583026763015043,-0.1258374680041638,0.22212207156336417,-0.28001724030219316,-0.5676953351765883,-1.2808883246847957,-0.6914691961454252,0.009320063081504935,0.019997405933245102,0.19975585218248795,-1.2304580981590396,-1.2858099034493635,0.21780344794451328
-1.3104727487418997,0.09244972913425878,-0.07187397370841477,0.19533693381547457,-0.3023877744385269,-0.5703717688537508,-1.6867706132928597,-0.866148406670244,0.337950416975938,0.0006750968122295925,0.1336977926995686,-1.0686318869021831,-1.1949285611692464,0.23925935665041226
-1.1052817139998758,0.09226112960991402,-0.22451913249379832,0.006919662038026943,-0.36070677347244345,-0.2717021341872351,-0.9286418790340002,-0.764459064242513,0.12362179729862856,0.009732178336135872,0.18923418657021832,-1.1297717134746157,-1.2942838509724355,0.3018062611796626
-1.2823475652187812,0.09036237680056337,-0.1371033841866211,0.17002417142687573,-0.22119003075160049,-0.3533140559884195,-1.3970160232233244,-0.4467653009980205,0.3342189067444323,0.008292516428632235,0.17521409926928036,-1.161202325697225,-1.2095160676554597,0.21255496639815522
-1.6843643027414879,0.09544389751066151,0.050695166389775115,0.32493663475172413,-0.17352216291996828,-0.3821167207265975,-1.5319300579032342,-0.730623047439894,-0.07646641408547887,0.010403141353120569,0.16932991264650657,-1.0719073334604388,-1.2041013600816972,0.2152088692713131
-1.3059324152287752,0.09357161148055955,-0.08167995450871848,0.1415871251823215,-0.29390150354307365,-0.3680648994125863,-1.3975261033499216,-0.7285995271955279,0.10956878503373664,0.009399777608502361,0.19274286004221217,-1.1585748954517312,-1.1710583482790318,0.26282929263657223
-1.0565470680905837,0.09003565598176556,-0.13205331735756728,0.19626485182916806,-0.3960979102588851,-0.3712448097228013,-0.8497235849757637,-0.7248129779046119,-0.01659696908917485,0.014649114989467912,0.19583511707208398,-1.3129382611620468,-1.0777934354956225,0.2897479815788817
-1.2198949635051222,0.09199306493075299,-0.10792323272476503,0.2721192420398231,-0.2811585964490944,-0.45731685326989524,-0.8872069018209248,-0.8065927013281968,0.282394911131086,0.006296265681797559,0.20778001781002697,-1.2289325271587923,-1.2755851066416137,0.23028812409581706
-0.9096867482146177,0.08431765702918166,0.02194898127605987,0.24543741306496572,-0.3523301364148824,-0.70881372995575,-1.1064063499714283,-0.4033511732281265,-0.30586731717903515,0.0019800639511595155,0.1712398220194569,-1.2491062181453398,-1.1916937501855385,0.2480995699648575
-0.8197315860248852,0.08102016477217666,-0.10692256309170622,0.12532647173246478,-0.4062025015877796,-0.5361284114259656,-1.0352261969052898,-0.40206710664165735,0.5670149079827405,-0.0031457631678022094,0.1993761570144244,-1.169750281592343,-1.2064782596433519,0.24778401193175129
-1.2799992682752617,0.0944502805367615,-0.16792221292372997,0.14402782212417542,-0.339531034497677,-0.30048813664592466,-1.177314349531846,-0.7124399214010896,0.247845394018141,0.004248820008675516,0.2081762695201152,-1.1507237865435849,-1.2189031712511125,0.24105669254501072
-1.2458210486482242,0.09029677884125227,-0.1838731242863175,0.14450288483194684,-0.18508460482600164,-0.38844383248014447,-0.9623949649090715,-0.5283247109558561,0.10213262739956172,0.01830072485018233,0.09656769844276414,-1.1463563678276056,-1.1796405831256889,0.27099967784134305
-1.2306780770075767,0.09555603966816258,-0.19194281603105287,0.07441271485934996,-0.2656817169950009,-0.29150551734631,-0.8300567560016359,-0.6058895070633168,0.1262229438577686,0.000167559940568063,0.13198826549739542,-1.2027624819133453,-1.2016778273328403,0.2600949769330249
-1.2076076211424338,0.09613631475433485,-0.2565082209224914,0.052776895856701825,-0.46240859517282606,-0.5699167050002582,-0.7515719192470693,-1.082030924927462,0.35958389893932785,0.0012901765542690574,0.1825028409333102,-1.1186298898745033,-1.253515019836504,0.21954041529116883
-1.402368083823102,0.09952309445514582,-0.12017710933498345,0.10666677302464085,-0.27340437338314433,-0.2405282173227672,-0.9873608948185443,-0.7074811987624625,0.23722136870253863,0.02523317661984437,0.17223444510048783,-1.2443717382773976,-1.3607255396335296,0.2086007918432204
-1.166747490732563,0.08911566300895389,-0.0047536816341031615,0.18915304027500177,-0.27713976608684354,-0.48947005734848614,-1.2183798874934544,-0.494940273078782,0.3180487770159628,0.0034155972950762293,0.19363272415462357,-1.188673081048724,-1.2631452716237777,0.21076061571958032
-1.186714226988543,0.09601333922762591,-0.29679668767676376,0.08128884979526123,-0.09184610209716712,-0.3853804826720897,-1.3000504231613224,-0.6500821024945326,0.1954442129995703,0.020737514327920554,0.12555110007767945,-1.346066757071852,-1.2297172143796462,0.20018923884503745
-1.1152610100940517,0.08775474930381284,-0.0720511408670693,0.19330549287662221,-0.3282602172144237,-0.4811111937134024,-1.5265186011040146,-0.6053320428414385,0.061564958443957075,0.0009469699649210909,0.16858951396290026,-1.1928742887778003,-1.183488195073736,0.19541940555081427
-1.3426412282667328,0.09793028805332639,-0.18114617662016982,0.046383890704840364,-0.3488179375610738,-0.5161726541180136,-1.1954398233885097,-0.7542696351923146,0.18557173667407872,-0.0026822384806627977,0.1523457996700252,-1.0421563933393636,-1.1603636056620774,0.21231693562225676
-1.3327110611149873,0.09319858690037991,0.049644958793575736,0.141545454984477,-0.20613187783862075,-0.5215002939063947,-0.8946351409737249,-0.7363550453611603,0.019698181062038495,0.0033401839703883856,0.18583452007004253,-1.1953975965147734,-1.2962812298041093,0.21439085904922928
-1.4612442142668145,0.09351179812686532,-0.07687506397091178,0.14844769041615644,-0.25188009353914137,-0.2677613732666879,-1.0524602430871164,-0.49633445520729785,0.4809427230808238,0.008407472538725657,0.16588830138899807,-1.0846402678363578,-1.1679460413194982,0.29568562032837964
-1.515184631983936,0.09661918089228183,-0.07063883416970068,0.16119026337888567,-0.22837212090236564,-0.653399405573518,-1.1621603096595308,-0.8559775527377516,-0.14751760724201907,0.017430998722910346,0.22106062696964843,-1.1236055559463554,-1.2907448372075836,0.22833249210147932
-1.249698257164665,0.09420050126993064,-0.12528804899135457,0.19331438919416605,-0.32748799379479404,-0.4128940601753637,-0.8706586459861126,-0.518535620292303,0.4343755220072703,0.009887940838820839,0.0960609396096975,-1.185371145532827,-1.1396205963539523,0.21385707641578242
-1.3224043811763735,0.09415805187294439,0.012009682283649065,0.21043706264390266,-0.3452555735354196,-0.395062109905064,-1.0177487455593603,-1.0130181152218394,-0.17997668865842661,-0.006078131550865976,0.14592878796858474,-1.1247284635946806,-1.1214724218566996,0.21393368554466827
-1.4285475619954544,0.09572814029243444,-0.10337848102677684,0.07870263528670515,-0.24051054705723696,-0.4057111812661614,-0.9701877497837427,-1.1502117336452296,0.26309779768866465,0.01393087467912986,0.17840280565338007,-1.106835324727936,-1.2970024965346805,0.19600683202656521
-1.2218021400350068,0.09265109454247795,-0.10848943918919085,0.12481797134939895,-0.3869405416761158,-0.4062409264525374,-1.4205355117742267,-0.4503637157148201,0.09703114211005129,0.0032818621029945243,0.20695281718967223,-1.1227135257370497,-1.2250951251082234,0.25099546300989395
-1.558768361375677,0.09451948076020432,0.03254468812571552,0.21107269587446562,-0.10297460924678126,-0.30136662852380186,-1.01884818214202,-0.6732462980579212,0.14912148769578332,0.00812074010938309,0.17234439306445887,-1.141946785489429,-1.1199177764434824,0.22377679310124404
-1.2096527326919488,0.09520926007843346,-0.11898730410098687,0.07700051527780546,-0.2602231498589081,-0.6010094677007575,-1.0595952094536292,-0.9937847560792405,0.48953239729663045,-0.0002508211816154111,0.1409700746544279,-1.1499684487650514,-1.2847388272917941,0.22680866865755148
-1.8030051983258237,0.10351083357223695,0.04841249100746487,0.2614117134118915,-0.2194027378193588,-0.37387924602005695,-0.9379372295262745,-0.7090509126303293,0.2952854785385899,0.021633468283370667,0.19441906551957966,-1.1550752568509324,-1.2638917394318514,0.2121793948819577
-1.5505449211707771,0.09681911964158181,-0.03758879716198096,0.1324001205309477,-0.24236288990525293,-0.375836930613585,-1.3737664036306108,-0.4191843541875246,-0.0068690613721471335,-0.0009322233970706414,0.1897481136341937,-1.0201446141803872,-1.189020945487768,0.22764006231696646
-1.1036128640482368,0.08996565294830154,-0.11242887483046271,0.09402599308381883,-0.28286408492000353,-0.38952328641343065,-1.1921487379700804,-0.5776542564725402,0.13399737626411282,0.004841728044571196,0.14270238667055818,-1.1284385475119991,-1.323216439027952,0.27615902980801205
-1.3220850950624716,0.09384281434699145,-0.19590609266764863,0.17033736584381184,-0.2444378406101017,-0.4610794752177159,-0.8647712412124436,-0.47888766020098444,0.24281844242615383,0.001828223281540126,0.1399726042467616,-1.1547695837220036,-1.20244442992436,0.21963283454522703
-1.315601447820349,0.09576031574714927,-0.21136986362298613,-0.08315795212897115,-0.381582119478879,-0.2789418147711456,-0.8667890674699654,-0.5528492807741737,0.3493874158910328,0.020205932767085478,0.1969912064933219,-1.126241278604724,-1.1665075037920989,0.22817661795844973
-1.004910962909009,0.08898042870902897,-0.016798851982809587,0.30771925607495954,-0.24314901960551571,-0.5202016247334811,-1.1951280793812273,-0.6915083423468227,-0.20323175322260836,-0.008725494802463726,0.12420574902492049,-1.259659841516422,-1.2329244016032102,0.22646527025149887
-1.3204072310606776,0.09228866796738819,0.03221837514854274,0.20796345851092515,-0.30731787857420906,-0.4829294176806187,-1.1211629389100959,-0.5508182838274865,0.35301623597975756,0.012733774925152565,0.18688084373493788,-1.183121919644847,-1.2531359585200355,0.3473888806495986
-1.3931851026076172,0.09078983465482472,-0.02810425112099137,0.33155162954254563,-0.25895367327160507,-0.5311995305985472,-1.2048353154731768,-0.5825356943840577,-0.2573097791820102,-0.001313403416307053,0.1866073169345496,-1.0924858396748518,-1.1700622192201415,0.23888602430828101
-1.3475833477699042,0.0938546928046044,0.008970153899839307,0.25767864553641234,-0.4044111645124616,-0.5260646674398939,-0.7743611678470683,-0.6000628849213203,-0.2858057616508765,0.004592026649431582,0.16701805825954516,-1.147639374793133,-1.220423811260779,0.26728153916946856
-1.3721306825940918,0.09211993316832089,-0.043908709061650314,0.1857788942013365,-0.3119351565055922,-0.4457723864854302,-0.869027067623706,-0.5351822456847822,0.06059744463679943,0.012560915859272442,0.18724856673558865,-1.139754617901595,-1.1410926335646077,0.22139096476345552
-1.6382300026079883,0.09766282945592235,-0.08008043428726352,0.2131940054949485,-0.23111448580674687,-0.2917246573579471,-1.2290934729903245,-0.39061265450721055,0.23897168914027386,0.01880287759251272,0.17658884603571076,-1.1089849259837754,-1.2002972241456158,0.2067183526863743
-1.4000038868171474,0.09310699961116739,-0.022172844332267377,0.24574836890066842,-0.24332760932231606,-0.4097384124520454,-1.0137975443803344,-0.5363052948324768,-0.20915153060860261,0.012092423766703867,0.1668855375541063,-1.1017248818342507,-1.2870335005551112,0.21958969975342693
-1.6832072988142424,0.0967592925581233,0.06757372482457351,0.21252290671017388,-0.18897920054056705,-0.2949102464154985,-1.0153508807475262,-0.28277446943628753,0.14233010984769626,0.0133870114979227,0.1599854661251704,-1.1008201738600452,-1.198245218795247,0.2238262388995905
-1.7277417674314555,0.09765366252025565,-0.00031685647158390763,0.4065702684024342,-0.19129834277759164,-0.2134249586662999,-1.3315669602193012,-0.6789939983012869,0.2185228679281682,0.005691356527763222,0.1720280865389636,-1.1077913497374572,-1.3097624323137491,0.29144887020318244
-0.924998538236458,0.08760362100378205,-0.05373196078771639,0.11179609970052018,-0.3405067978498796,-0.47355823217203435,-0.9975372357573659,-0.7394182644898506,0.16853051888325235,-0.0030604916569488185,0.1894294734750798,-1.2728879300686928,-1.1981464494061358,0.21761729417235906
-1.4147338034823553,0.09596476648953452,-0.16145621160507112,0.11182566377770639,-0.23336795050171086,-0.4031741453741354,-1.4326727321876358,-0.3989424496395452,0.02138971639087025,0.019199613994346908,0.12861295373063916,-1.1300812588713876,-1.2845855677477187,0.20809988390864304
-1.437696009362084,0.09558092350120476,-0.09983693060851022,0.26521885854660465,-0.256890973917388,-0.40215222641981574,-0.9999357673775168,-0.17817502964101645,0.2831423737118408,0.013294978117179869,0.15409932949780417,-1.175654495852705,-1.2869222278428587,0.24334509643870575
-1.2858323729977401,0.0937317829046283,0.07075977433933958,0.29627699759287396,-0.39000288309101433,-0.20283245001312833,-0.9175121046462678,-0.34548366047717205,0.025352612230871124,0.004686462872164344,0.13781802400963664,-1.164916506239976,-1.2397594198089203,0.2562466932368237
-1.673847955754456,0.10128657834953493,-0.1966171181275627,0.02309954473786411,-0.26965280566364,-0.3443648955552567,-1.2234030529415731,-0.4984210006366477,0.6226581663998733,0.01537555065909196,0.19621698533293513,-1.0313698712998203,-1.1787271834028843,0.27552855024589396
-1.5412997229769443,0.09502357785326528,0.01753099437927151,0.3854137144911283,-0.12108652565633367,-0.48765725002936866,-1.2666642208325003,-0.5532078074947469,0.18829959686953815,0.004313961385089465,0.22246564681837191,-1.212072738672901,-1.272072243168193,0.19645680175767283
-1.2404734584380945,0.09541141187822985,-0.18359471862106508,0.14790650834227753,-0.27323995663317185,-0.5032302995878809,-1.217397445268479,-0.3242868203950303,0.3673983468653981,0.016917604913228815,0.23603888049979013,-1.2453457964454835,-1.2016189973860736,0.21820888741308733
-1.2406662463302232,0.09333822373277602,-0.1012876435224615,0.05680944640250019,-0.2868014040578026,-0.41606351770662864,-1.146619036550578,-0.7849988102600385,0.025507697690004282,0.007751458340797002,0.182384771341516,-1.195959379203457,-1.1237311608693636,0.22227375972111432
-1.4352691075264503,0.09572313472553069,-0.07561898786954553,-0.0005500353012862468,-0.2315269438080122,-0.4571000585850619,-0.9911116633459132,-0.4407496120663165,0.5395849461519631,0.021703867991654784,0.1747872396287643,-1.1529302785119546,-1.2681714957776804,0.2047496614252407
-1.4214919650757483,0.09696447615146427,-0.020362993524670296,0.21503637929955302,-0.29790717986697374,-0.44115255906487905,-1.2033867470971036,-0.6819906832029249,-0.18540233812272436,0.00026147774886511676,0.17708224565484265,-1.1257025049453318,-1.2877661058512049,0.29378782677197335
-1.1818637093046696,0.09238980797854499,-0.019097788158503652,0.04816201390059738,-0.21874345062485412,-0.4018388652756804,-1.493570501310347,-0.41690124526242955,0.1091082329987172,0.012895794309931576,0.18268271194035962,-1.2151502301052843,-1.215570528154872,0.25032057637662036
-1.550335637036109,0.09888126854774576,-0.07046401498566103,0.14932304023811005,-0.3651859962388308,-0.39500068874360184,-0.931112998263802,-0.39038009362719245,0.2186030457539504,0.005933014898502937,0.22879731240409837,-1.0778459208013365,-1.2252400359704454,0.22774980228007483
-1.5342189668686232,0.09496870559417464,-0.07157050232551383,0.0978333181583758,-0.18319424312837612,-0.40888766290381,-1.0518306277693463,-0.36227342942931906,0.4786125570983861,0.018165292860257455,0.19360792610605956,-1.112561420202561,-1.2147372140426214,0.21392296445987202
-1.4673838305889886,0.09718735085738256,0.07419905581456238,0.3183919343859681,-0.24151214636182036,-0.40537836061146904,-0.9500190372622312,-0.45377406652906366,0.09345337158401436,0.007390285314395254,0.11722919785464907,-1.216570919839143,-1.153475225056477,0.2118158252827238
-1.268197002503994,0.09285923623788209,-0.18874951707181464,0.054816221373920615,-0.2961881664852227,-0.5817121712485498,-0.9022933341282419,-0.27061461450702057,0.09010166892423821,0.008828457750500429,0.11626737353333794,-1.1070649654857863,-1.1060797907213937,0.26928372462755196
-1.028536458727087,0.09619001560396667,-0.1827190652325779,0.1422620484482641,-0.2948601659546564,-0.4587730975138993,-1.1525614063036456,-0.65432893597019,0.5469012296575152,0.0030943887411347512,0.16060060225383485,-1.343352381207477,-1.180398110051684,0.37424207435137563
-1.3688516280305876,0.09252535420479362,0.04221528690671334,0.25260753578970313,-0.15592048614001106,-0.3880621047930255,-1.1872301889152204,-0.6627563059353848,0.23836108663391598,0.009147381247258871,0.13820270523747732,-1.2248936128191614,-1.2209311374803662,0.22484690804153648
-1.526651452130454,0.10034176912052498,-0.1186845923855199,0.2758775937559329,-0.3137682904157522,-0.3332704869654813,-1.596164310913408,-0.4944485241961071,-0.0003441366813100867,0.011830069767102198,0.17718678340371913,-1.1697799302702505,-1.1451919397215435,0.24637218192908478
-1.5492227933798164,0.09664056298544378,-0.08126394266213166,0.26543047878943443,-0.28833997251243904,-0.34963423501693963,-1.089376143507191,-0.8274417595083019,-0.0004426259036972365,0.007902590915702237,0.2138135870445055,-1.136698038565362,-1.206232126220224,0.22346597680308172
-0.7628896946824784,0.08496202194774154,-0.10811895255317543,0.03589074152943582,-0.2979218574034299,-0.5577241020782464,-1.204595255581734,-0.5568818944804362,0.2903763720468837,-0.000749020115250555,0.19590419002107673,-1.331125946298275,-1.2078117380264688,0.2461100883903463
-1.237828552863005,0.09354710815550059,-0.13921759042191018,0.06732425543762491,-0.24410234512910592,-0.4417123583988819,-0.7162527448255485,-0.6756885232449149,0.21988774824032215,0.013263988400754247,0.17648247805247005,-1.212488760307039,-1.1308816318211352,0.22923860210734326
-1.2460968362060325,0.09063210329591347,-0.04097192548469853,0.030090640343429786,-0.17436507093242756,-0.30090152864352765,-0.8215633608430284,-0.5897088763011981,0.29504730214952696,0.0043659675826082395,0.20125450361132258,-1.1701625899521508,-1.2088079823140108,0.21355907400584917
-1.4222677821246537,0.09916909181171003,0.005322016980005394,0.13793830424898096,-0.24368719892258628,-0.5674370833025392,-1.0339765833144825,-0.7564244180986395,0.2578291362163594,0.014794379046267363,0.15845840353206508,-1.2534199081264217,-1.2479788451271256,0.24340717473063586
-1.3465619617719002,0.09435825888232821,0.008261071192453855,0.24486801353383159,-0.2664522810041735,-0.6645832128790531,-1.1966400274773281,-0.42386838949439,0.05489038568046596,0.0011929419551925018,0.13592167483756415,-1.1691182317940272,-1.1367815451583132,0.24592678278057803
-1.4414455836670472,0.09308605470398652,0.17747228767164586,0.19843649018644854,-0.38688748190422134,-0.5965931337811684,-1.0464465555347364,-0.5425210809303131,0.23117705160989654,0.013572661144307175,0.20862860022013463,-1.1167824322369935,-1.1977911577675544,0.2289487591709842
-1.3407450392104718,0.09312435300131269,-0.1471560495130729,0.16250364358588623,-0.3391853198547104,-0.481978838278704,-1.1729568758911744,-0.19993503612362257,0.049065645620269126,0.001039558869007695,0.18135206527078002,-1.0190504675484673,-1.2880004399416092,0.2264664374160583
-1.4427573839054317,0.09669612241394454,-0.03581982358925613,0.2410508541151338,-0.441611530367643,-0.3546632875043559,-1.287240188089532,-0.17853487783966895,0.3253066864411298,0.0181920771098425,0.20341524004276074,-1.1544733708512034,-1.2559719140991055,0.22383685825262586
-1.1101178408881038,0.08550139509086144,0.05432502947768529,0.21107777245415774,-0.19438020609589557,-0.5119903111474079,-0.9175943013657626,-0.4295672450013647,0.3789515198226821,0.007530254411733355,0.15848847619412468,-1.2361903996665293,-1.1872537694617236,0.24535273945343555
-1.534497729101883,0.09929315535845532,-0.061832008865813616,0.14585357864100199,-0.16364111357426192,-0.46893346329500263,-1.089356059083598,-0.37190409015569686,0.1398268304326811,0.003032373901352429,0.2797833035220022,-1.1472100157583236,-1.2727700270661724,0.2168453501470671
-1.3840891492565208,0.09326987329609018,0.0020835077545227672,0.24359179900712707,-0.2604961692332973,-0.3983570776503909,-0.9270586631378114,-0.683316922991987,0.5571598998813915,0.024896786662122104,0.13379711336660818,-1.1820285490171074,-1.2121179488780818,0.22709924042174948
-1.1965655439325034,0.0928755614693178,-0.11703603012520986,0.12109231631227756,-0.2717430726094338,-0.400999495255643,-1.1629840616226261,-0.4328138579731841,0.12716187320104466,0.01013306580353831,0.14386920213902543,-1.2553889977136103,-1.2338624664652866,0.2677672971710431
-1.2745974660500043,0.09790040665391202,-0.286743629898353,0.0031785422601195755,-0.34075741013025096,-0.44499722198301056,-0.9223958985405484,-0.17042958981478915,-0.07442484401194903,0.01843267531886176,0.18912483935122584,-1.1779077017105728,-1.18252178754682,0.2652276203017054
-1.2765162677235717,0.08963112511145609,-0.08337472603830488,0.25272958032406767,-0.18713631297858713,-0.3712664286730193,-1.0828966120119807,-0.4162285898646371,0.1679381053563606,0.004584786773921553,0.14878602688128573,-1.2096950006039275,-1.1356215844957211,0.2532265254242334
-1.0830574795718042,0.09027954623949229,-0.05435095763658283,0.12577454626373938,-0.3445309872041223,-0.45037294368737685,-0.9532938384247882,-0.5850635284719617,0.12002230534464672,0.012868882200411625,0.14418163728777822,-1.2008981494143691,-1.1995322866553075,0.21331107906970448
-1.1730853145707862,0.0901685038969615,0.024412426365461645,0.22154315794214727,-0.2511673490884254,-0.12391076848907193,-0.9617499567477795,-0.3873032591842279,0.2735044867093466,0.008203969835841861,0.18616132028669446,-1.299782200701252,-1.1991126110610124,0.21892659974586004
-1.1144908564070415,0.09400181703159759,-0.2303677092028285,-0.006066974660990001,-0.3795751091651368,-0.5044912469069764,-1.0954630175055229,-0.7942818787168024,0.12126598419822739,0.022909573860105427,0.17668233132875316,-1.1753694530821834,-1.2661115376438812,0.34010018808329134
-1.2558296060070584,0.09142184224233842,-0.020891901792863675,0.11835924775909716,-0.3395534476629033,-0.35167224118719537,-1.3271264142263237,-0.2492542904657609,0.08544828070836145,0.011973570176381062,0.20351109623882838,-1.1630600568531588,-1.2318092995354228,0.26191733488231145
-1.5143489071041782,0.10017626227306951,-0.13185805510428925,0.1745717112094568,-0.29563573652465913,-0.43459226528716705,-0.9990669764776856,-0.13034037108148075,0.23800798616301094,0.026140669899145146,0.242007570575629,-1.215595046229278,-1.245959000843452,0.2585542622281113
-1.2741845321575855,0.08949730101849149,-0.006542692063145504,0.23000234357419633,-0.3568189130041459,-0.5626471767120276,-0.5745288114407959,-0.2760091121333248,0.20766221642462956,0.020343953945395957,0.14144259233083586,-1.1894453332828931,-1.1727159064189883,0.21232478401105123
-1.234740957937957,0.09134513169702209,0.005181463498099273,0.20109672615127258,-0.2845289801145005,-0.4515083245662221,-1.1936635384143297,-0.6825855836703729,0.06831028241229761,0.002240823808423328,0.12807794164129105,-1.1469175304792356,-1.1939494420656724,0.32007110704873487
-1.2532188386744605,0.09323489110766962,-0.06605891947034588,0.17872601766289892,-0.23576551942172533,-0.4323736752325367,-1.0182538309237723,-0.6224107630798147,-0.008098572105321021,0.009965943985597091,0.14762977297730454,-1.2695077513971038,-1.2434045284020432,0.21325554031874164
-0.9293760269532081,0.08871899878025317,-0.11528580119018578,0.06944650592634588,-0.36579070473082315,-0.35309069076026467,-0.8847126066424983,-0.6305330622104816,0.1118162783369569,0.0011230939689406512,0.17663305863336556,-1.2188614779058529,-1.247104699878324,0.22524634598074514
-1.1309928716739228,0.0923395174273901,-0.17755588053308508,0.024193899566597753,-0.2886539966723071,-0.44039543282744786,-1.457264539929809,-0.3274054436862441,0.3146339412843856,0.01511977646542591,0.18576321408074659,-1.1895819180393608,-1.2539994479787302,0.25495979468768476
-1.3437207536054974,0.09078553963708452,-0.10629269060158676,0.13340067687134025,-0.22499223609618532,-0.5755998596164528,-0.9995696664236116,-0.5506545126284312,-0.13330679156206654,0.01283387885723865,0.16621317291709686,-1.106271808301205,-1.1936218915080288,0.2202184551219001
-1.3610572313190128,0.09336354477581785,0.040098236088973296,0.18948692426547692,-0.27470430242175004,-0.27170572696488415,-0.9691282105731781,-0.06388864791091071,0.44405544609642317,0.008963339540049539,0.18428879856043992,-1.231387956294296,-1.1810240800287553,0.22414995102446247
-1.4550497977430497,0.09456042752620641,-0.02959007523966362,0.30240270155316684,-0.2871678865802986,-0.29283706914346724,-0.7598793424022391,-0.17875018481938712,0.4958587077074985,0.015271569989474655,0.18394396775180633,-1.194496301988953,-1.2640144205981254,0.25387797125154493
-1.3382423023252885,0.09358674366757458,-0.007012798451360383,0.16511397657394478,-0.25200480831934136,-0.3006735669678946,-1.4110352457240838,-0.27654530967492097,0.12717643869798512,0.008829815805648868,0.15137791990367044,-1.17141888063692,-1.2880011691980768,0.2710750082071973
-0.8007366079490881,0.08453939088936678,-0.11345521263739991,0.046526264801044014,-0.3091443216091738,-0.21552078034895575,-1.2675197055662533,-0.5656808836195282,0.2657204867634104,-0.002335565676256254,0.14406468815700896,-1.3065048474449463,-1.0741089987239907,0.2024623346923777
-1.3454241084983167,0.09301157640060208,0.02432668733017599,0.21060694511275257,-0.28732557591681324,-0.5521879616070128,-1.0017699873229244,-0.5647740629467741,0.23283895464264726,0.021082769021858103,0.13664813950462837,-1.2350423975361295,-1.1320606576166716,0.22835744673465136
-0.9060961856212635,0.08697897632206343,-0.03637261248653378,0.1901656536783638,-0.43834215689997447,-0.3367011208506212,-1.3884705560410149,-0.13360387072896437,0.10144461885376777,-0.003965727405609004,0.1467365659276399,-1.196181762943165,-1.191381607744878,0.20422735898042788
-1.0755198127522787,0.08733036461651679,-0.09688082409392733,0.15061984115983126,-0.24358591528888898,-0.5036471440660439,-1.1372706506175958,-0.2050677406377066,0.2226326177922022,0.005144109490863295,0.200080121468377,-1.2069567552740796,-1.2527915019097353,0.22456624889902732
-0.8966580815006918,0.08857553318870996,-0.22954264952401535,0.09075433043578052,-0.3041257068256605,-0.5672695165280509,-0.9523589367745323,-0.16253248641955548,0.1365783722465457,0.008927920810210963,0.15503731544449534,-1.312168645659837,-1.190953861994999,0.20257617950865894
-1.117006042826909,0.09403381110474426,-0.08337250591653034,0.14167983399398457,-0.47252787056923773,-0.37576659883341573,-0.8850223747192029,-0.31675899556847786,0.45712570817546533,0.01103471155678122,0.18599120523228208,-1.2977025938019435,-1.2127244257827245,0.21985910386968618
-1.5465626919464983,0.09580720772203948,-0.0012137516235361133,0.17792463614177087,-0.2343784124811444,-0.48696167281783287,-1.266740827117376,-0.4612642524995434,-0.16785146103676196,0.011295208495746159,0.17211628562037684,-1.1076909754614923,-1.1993883575573385,0.22672206042813084
-1.6008647513600964,0.09873856858842923,-0.15524289077884054,0.16906556698601813,-0.31224117454042866,-0.4035727779337372,-1.175421814080449,-0.506989191078389,0.24827639068340268,0.01518875573893809,0.23842202453542022,-1.095153059486805,-1.190331100722535,0.20881936505862478
-1.3340755905451784,0.09561561233022144,-0.1478640099271065,-0.0039656130276359385,-0.36512442699019826,-0.3409143329624186,-0.9643554328040709,-0.25290588634705957,0.21223765187583904,0.011315392936095707,0.14475377846293921,-1.118007750178939,-1.1334546959715026,0.28585506108256536
-1.2226507825950723,0.09907300038221932,-0.13424566754998862,0.04571016524218758,-0.31232623189532344,-0.4005425506604557,-1.3275365886171595,-0.3913141261321736,0.33431643924473126,0.008479246230546541,0.15650136124915018,-1.285502751625601,-1.174201585507158,0.2644178918396152
-1.0061217708772663,0.08905945374790468,-0.11179506774880922,0.16284844055558487,-0.3022652448082016,-0.37979594565020613,-1.2149339203434628,-0.5958689715556309,0.28060121084236306,0.0017732818592752619,0.15718135401086897,-1.2722307485265305,-1.2486100839742231,0.24940846149611737
-1.1451613968544079,0.08804710131980638,0.002176805155917125,0.16620862926274,-0.3465418494291004,-0.4826223940155969,-0.9004165473456518,-0.7009177790707372,0.18884328789077875,0.003849756326189936,0.2079229591426509,-1.1965063532943492,-1.0753779750789951,0.20511849047054706
-1.8667800643533916,0.09829616698064048,0.1368225010339311,0.27363059102046294,-0.12061334300183472,-0.47244034873877294,-0.9714371780697951,-0.7222080237627819,0.2736317778318176,0.010232805915026804,0.209269743791255,-1.0826539417892291,-1.2329970970061856,0.29761769702414687
-1.1837694408180661,0.09640531082002421,-0.17757430662902998,0.16455834716534937,-0.41257162507761774,-0.44770716434919794,-1.0825571592763255,-0.20053264347730676,0.30819044616652486,0.011519846745419527,0.16991394712297292,-1.191766375305957,-1.3523230761961345,0.28659062418091874
-1.3961846343327138,0.09542546921062336,-0.06152392862161407,0.16786697764227926,-0.36387679736704237,-0.48870780006510256,-1.0619961049125557,-0.6306509681914838,-0.2068923967565812,0.004722325006527995,0.20688690593511458,-1.109209843902314,-1.223184452616011,0.19052686235810226
-1.070954697034111,0.09501566574199947,-0.12474751651487041,0.08787453009241436,-0.37067116220481794,-0.5759201128309971,-1.4650191129424863,-0.5752371578714748,-0.025705245859774004,0.011588589201726434,0.19102619100860843,-1.2637991958712056,-1.2895710468103891,0.24140912253680902
-1.2322350210255217,0.09551792694731534,-0.09592252212387394,0.16602087682959454,-0.2984651639915173,-0.4428157557907651,-1.0947739265422474,-0.07800139662524706,-0.1093041435496519,0.00845829392412935,0.1781993963332732,-1.23718922492763,-1.3154517698515062,0.26271472534398305
-1.264072046433484,0.09245469774589653,-0.07626077793143606,0.1564446209315783,-0.2914795443762772,-0.569371537573192,-0.9906776510861819,-0.4330088227092002,0.08751696800386716,0.013074042315757426,0.23742588068504666,-1.2187856915918798,-1.2363785067747002,0.22263841985396624
-1.4884668222357749,0.09556205940793461,-0.053206792403160404,0.306456039125803,-0.29356255508001405,-0.35678981854453384,-1.0886209029646055,-0.14638553116776737,0.048431603021970686,0.018321935257857778,0.1969222654472898,-1.1887010797674549,-1.1500645163752303,0.21470951578432476
-1.1027586252492256,0.08961628831227021,-0.12081108110495234,0.08474335161608704,-0.22594124288865522,-0.5392282960642647,-1.12899505045058,-0.20403383900881322,-0.124980656031138,0.008640710169798142,0.174645036260962,-1.2168390147529142,-1.2306210615969229,0.20118259423415485
-1.1814157833395729,0.09653919504315563,-0.23172763559840975,-0.02955913102789575,-0.36205655078017474,-0.5298669691271131,-0.8346953974393058,-0.5973123986678918,0.10663854868048504,0.014603170099942829,0.14249444525789204,-1.1795427342204075,-1.1789816512796925,0.25294765253527973
-1.1147796671612207,0.0943644282369608,-0.1945589992840504,0.02096533484766166,-0.19230830650633937,-0.5216093955697545,-1.0672301795143653,-0.6124582174794492,-0.2823751865425846,0.017216042981382174,0.11838981082629163,-1.2440594015889608,-1.2797485848920658,0.22582089690475768
-1.1016208634288596,0.0919013057137993,-0.13002513264178914,0.05075041416704758,-0.2885577144485355,-0.4447276094302933,-1.255712911777486,-0.7580226203469312,0.11513918269919447,0.007648793069540533,0.11326436518248542,-1.1644975081404214,-1.3406269167891756,0.23330597485789742
-1.165865323133426,0.09129092238271491,-0.1374640941675468,0.030771946652326708,-0.32123546142208514,-0.284918358958354,-1.121852936842485,-0.4748098903084308,0.2642383485280815,0.004649186288499206,0.15169206417314401,-1.1659926930491884,-1.1596145545398402,0.21211591758835083
-1.4631292293999494,0.09614785381610765,-0.01973807080629691,0.11948686188502493,-0.3216024810766876,-0.4758276371688023,-1.0109485489187455,-0.2900546208361893,-0.3898055838079381,0.020308230979927577,0.16170655960095323,-1.1624852799276912,-1.1759240206000057,0.21859174326058317
-0.9918347459695005,0.09328616816364102,-0.09435126737525466,-0.03963036003341653,-0.3412524262157032,-0.365108488061077,-0.8821944276535119,-0.2696200684640939,0.019296579751029837,0.01573408661963755,0.1571891516531949,-1.3691561564365553,-1.2506995337352849,0.25319588912679447
-1.5160037092883667,0.09511602751730379,-0.1269393825707794,0.11408470943596058,-0.18691207471637827,-0.3162458812002103,-0.6515248437955063,-0.2613681426217455,0.03334683862074882,0.016092294680816917,0.16231569136215138,-1.119813626791283,-1.2354823332255185,0.22442490863616912
-1.2632012763009264,0.09126363938248394,0.05958519626966327,0.22657843177610157,-0.24921144386216454,-0.594081739867955,-1.3674486498592617,-0.3767494676330239,-0.0767204045043368,0.008264030586511987,0.13231464099003615,-1.2081225101516975,-1.2370769388197698,0.34812552098069016
-1.1552310139288438,0.08903820939135897,-0.11127751225909342,0.09443420134124215,-0.31875436788979866,-0.317216336600965,-1.1322323744250224,-0.22782062984477383,-0.05883778467604408,-0.004882138380260872,0.18509434274292536,-1.1193958814965912,-1.1671643108243699,0.19388538250705228
-1.3578449812269304,0.09439294798594534,-0.059360127681231986,0.09378717730513267,-0.14543502984341228,-0.47314019245585714,-1.1896112368455958,-0.6136642750497143,0.280181928736699,0.0010476408010186985,0.1686156658278179,-1.2143909668579587,-1.3021308422983782,0.22310175586161776
-1.248043084283568,0.0925313172412099,0.0016713041954857823,0.2543834216831701,-0.4107458601740065,-0.2748812744375437,-1.2763828527439498,-0.39814082900307224,0.2621050657984291,-0.0019270284043306698,0.18391275449945685,-1.1428529878303424,-1.3517793260212723,0.24668195597982243
-1.5232581388776498,0.09599175484065921,0.05219379000555714,0.2216569464955509,-0.23690069960901713,-0.4106534985658477,-1.6283936785147348,-0.24476842723534384,0.21899069280881986,0.005040691484000934,0.17012821513846788,-1.1524195239499648,-1.204691109298638,0.2690919976126926
-1.1933519239425698,0.09125135145792662,0.03126252947019132,0.1668161157014216,-0.28198159073510104,-0.4908643770669468,-1.3484923693742121,-1.3154471248343562,0.30640758514782435,0.0016487190417884075,0.17576153959488375,-1.2293183782058272,-1.2297293769806463,0.21355240216840798
-1.1418470144249115,0.0924150536911223,-0.060041520650724545,0.299318335565941,-0.4701193012340889,-0.49871902624117265,-1.1799341849109903,-0.2981529977855202,0.2781630855744919,0.0004873051282737321,0.1983448047188829,-1.2343052550026967,-1.233880390426998,0.31830071049774933
-0.9855423645236514,0.08698393640232258,-0.11540535821810778,0.1474310981889634,-0.27928953790218014,-0.437734781402298,-1.1350139411019706,-0.19744079204722528,0.19721628896327775,0.0057717863518404276,0.15689853594692513,-1.2628230844379502,-1.158101226337925,0.29574008231868093
-1.0472067922211092,0.09179075131132178,-0.12316824996297847,0.022087782837981997,-0.38513599146755234,-0.5271334518227813,-1.0495397106077071,-0.8091867761825788,0.554360225935114,0.005346255670931281,0.201589577117514,-1.1946498502504312,-1.2435846918249658,0.2603941638883679
