6.92954538036727e-310,6.9295453816542e-310,6.92954538294115e-310
6.92954538037043e-310,6.92954538165737e-310,6.92954986898133e-310
6.9295453803736e-310,6.92954538166053e-310,6.92954986898133e-310
6.92954538037675e-310,6.9295453816637e-310,6.9295453829443e-310
6.9295453803799e-310,6.92954538166686e-310,6.9295453829443e-310
6.9295453803831e-310,6.92954986898133e-310,6.9295453829475e-310
6.92954538038624e-310,6.92954986898133e-310,6.92954538295064e-310
6.9295453803894e-310,6.92954538167e-310,6.9295453829538e-310
6.92954538039256e-310,6.92954538167e-310,6.92954538295696e-310
6.92954986898133e-310,6.9295453816732e-310,6.92954538296013e-310
6.92954986898133e-310,6.92954538167634e-310,6.9295453829633e-310
6.92954538039573e-310,6.9295453816795e-310,6.92954538296645e-310
6.92954538039573e-310,6.92954538168267e-310,6.9295453829696e-310
6.9295453803989e-310,6.92954538168583e-310,6.92954538297277e-310
6.92954538040205e-310,6.929545381689e-310,6.92954538297594e-310
6.9295453804052e-310,6.92954538169215e-310,6.9295453829791e-310
6.92954538040837e-310,6.9295453816953e-310,6.92954538298226e-310
6.92954538041154e-310,6.9295453816985e-310,6.92954986898133e-310
6.9295453804147e-310,6.92954538170164e-310,6.92954986898133e-310
6.92954538041786e-310,6.9295453817048e-310,6.9295453829854e-310
6.929545380421e-310,6.92954538170797e-310,6.9295453829854e-310
6.9295453804242e-310,6.92954986898133e-310,6.9295453829886e-310
6.92954538042735e-310,6.92954986898133e-310,6.92954538299175e-310
6.9295453804305e-310,6.92954538171113e-310,6.9295453829949e-310
6.92954538043367e-310,6.92954538171113e-310,6.92954538299807e-310
6.92954986898133e-310,6.9295453817143e-310,6.92954538300123e-310
6.92954986898133e-310,6.92954538171745e-310,6.9295453830044e-310
6.92954538043683e-310,6.9295453817206e-310,6.92954538300756e-310
6.92954538043683e-310,6.92954538172378e-310,6.9295453830107e-310
6.92954538044e-310,6.92954538172694e-310,6.9295453830139e-310
6.92954538044316e-310,6.9295453817301e-310,6.92954538301704e-310
6.9295453804463e-310,6.92954538173326e-310,6.9295453830202e-310
6.9295453804495e-310,6.9295453817364e-310,6.92954538302337e-310
6.92954538045264e-310,6.9295453817396e-310,6.92954986898133e-310
6.9295453804558e-310,6.92954538174275e-310,6.92954986898133e-310
6.92954538045897e-310,6.9295453817459e-310,6.92954538302653e-310
6.92954538046213e-310,6.92954538174907e-310,6.92954538302653e-310
6.9295453804653e-310,6.92954986898133e-310,6.9295453830297e-310
6.92954538046845e-310,6.92954986898133e-310,6.92954538303285e-310
6.9295453804716e-310,6.92954538175223e-310,6.929545383036e-310
6.9295453804748e-310,6.92954538175223e-310,6.9295453830392e-310
6.92954986898133e-310,6.9295453817554e-310,6.92954538304234e-310
6.92954986898133e-310,6.92954538175856e-310,6.9295453830455e-310
6.92954538047794e-310,6.9295453817617e-310,6.92954538304866e-310
6.92954538047794e-310,6.9295453817649e-310,6.9295453830518e-310
6.9295453804811e-310,6.92954538176804e-310,6.929545383055e-310
6.92954538048426e-310,6.9295453817712e-310,6.92954538305815e-310
6.92954538048743e-310,6.92954538177437e-310,6.9295453830613e-310
6.9295453804906e-310,6.92954538177753e-310,6.92954538306447e-310
6.92954538049375e-310,6.9295453817807e-310,6.92954986898133e-310
6.9295453804969e-310,6.92954538178385e-310,6.92954986898133e-310
6.92954538050007e-310,6.929545381787e-310,6.92954538306763e-310
6.92954538050324e-310,6.9295453817902e-310,6.92954538306763e-310
6.9295453805064e-310,6.92954986898133e-310,6.9295453830708e-310
6.92954538050956e-310,6.92954986898133e-310,6.92954538307396e-310
6.9295453805127e-310,6.92954538179334e-310,6.9295453830771e-310
6.9295453805159e-310,6.92954538179334e-310,6.9295453830803e-310
6.92954986898133e-310,6.9295453817965e-310,6.92954538308344e-310
6.92954986898133e-310,6.92954538179966e-310,6.9295453830866e-310
6.92954538051905e-310,6.92954538180283e-310,6.92954538308977e-310
6.92954538051905e-310,6.929545381806e-310,6.92954538309293e-310
6.9295453805222e-310,6.92954538180915e-310,6.9295453830961e-310
6.92954538052537e-310,6.9295453818123e-310,6.92954538309925e-310
6.92954538052853e-310,6.92954538181547e-310,6.9295453831024e-310
6.9295453805317e-310,6.92954538181864e-310,6.9295453831056e-310
6.92954538053486e-310,6.9295453818218e-310,6.92954986898133e-310
6.929545380538e-310,6.92954538182496e-310,6.92954986898133e-310
6.9295453805412e-310,6.9295453818281e-310,6.92954538310874e-310
6.92954538054434e-310,6.9295453818313e-310,6.92954538310874e-310
6.9295453805475e-310,6.92954986898133e-310,6.9295453831119e-310
6.92954538055067e-310,6.92954986898133e-310,6.92954538311506e-310
6.92954538055383e-310,6.92954538183445e-310,6.92954538311823e-310
6.929545380557e-310,6.92954538183445e-310,6.9295453831214e-310
6.92954986898133e-310,6.9295453818376e-310,6.92954538312455e-310
6.92954986898133e-310,6.92954538184077e-310,6.9295453831277e-310
6.92954538056015e-310,6.92954538184393e-310,6.92954538313087e-310
6.92954538056015e-310,6.9295453818471e-310,6.92954538313404e-310
6.9295453805633e-310,6.92954538185026e-310,6.9295453831372e-310
6.9295453805665e-310,6.9295453818534e-310,6.92954538314036e-310
6.92954538056964e-310,6.9295453818566e-310,6.9295453831435e-310
6.9295453805728e-310,6.92954538185974e-310,6.9295453831467e-310
6.92954538057596e-310,6.9295453818629e-310,6.92954986898133e-310
6.9295453805791e-310,6.92954538186607e-310,6.92954986898133e-310
6.9295453805823e-310,6.92954538186923e-310,6.92954538314985e-310
6.92954538058545e-310,6.9295453818724e-310,6.92954538314985e-310
6.9295453805886e-310,6.92954986898133e-310,6.929545383153e-310
6.92954538059177e-310,6.92954986898133e-310,6.92954538315617e-310
6.92954538059493e-310,6.92954538187555e-310,6.92954538315933e-310
6.9295453805981e-310,6.92954538187555e-310,6.9295453831625e-310
6.92954986898133e-310,6.9295453818787e-310,6.92954538316566e-310
6.92954986898133e-310,6.9295453818819e-310,6.9295453831688e-310
6.92954538060126e-310,6.92954538188504e-310,6.929545383172e-310
6.92954538060126e-310,6.9295453818882e-310,6.92954538317514e-310
6.9295453806044e-310,6.92954538189136e-310,6.9295453831783e-310
6.9295453806076e-310,6.9295453818945e-310,6.92954538318147e-310
6.92954538061074e-310,6.9295453818977e-310,6.92954538318463e-310
6.9295453806139e-310,6.92954538190085e-310,6.9295453831878e-310
6.92954538061707e-310,6.929545381904e-310,6.92954986898133e-310
6.92954538062023e-310,6.92954538190717e-310,6.92954986898133e-310
6.9295453806234e-310,6.92954538191033e-310,6.92954538319095e-310
6.92954538062655e-310,6.9295453819135e-310,6.92954538319095e-310
6.9295453806297e-310,6.92954986898133e-310,6.9295453831941e-310
6.9295453806329e-310,6.92954986898133e-310,6.9295453831973e-310
6.92954538063604e-310,6.92954538191666e-310,6.92954538320044e-310
6.9295453806392e-310,6.92954538191666e-310,6.9295453832036e-310
6.92954986898133e-310,6.9295453819198e-310,6.92954538320676e-310
6.92954986898133e-310,6.929545381923e-310,6.9295453832099e-310
6.92954538064236e-310,6.92954538192614e-310,6.9295453832131e-310
6.92954538064236e-310,6.9295453819293e-310,6.92954538321625e-310
6.92954538064553e-310,6.92954538193247e-310,6.9295453832194e-310
6.9295453806487e-310,6.92954538193563e-310,6.92954538322257e-310
6.92954538065185e-310,6.9295453819388e-310,6.92954538322573e-310
6.929545380655e-310,6.92954538194195e-310,6.9295453832289e-310
6.92954538065817e-310,6.9295453819451e-310,6.92954986898133e-310
6.92954538066134e-310,6.9295453819483e-310,6.92954986898133e-310
6.9295453806645e-310,6.92954538195144e-310,6.92954538323206e-310
6.92954538066766e-310,6.9295453819546e-310,6.92954538323206e-310
6.9295453806708e-310,6.92954986898133e-310,6.9295453832352e-310
6.929545380674e-310,6.92954986898133e-310,6.9295453832384e-310
6.92954538067715e-310,6.92954538195776e-310,6.92954538324154e-310
6.9295453806803e-310,6.92954538195776e-310,6.9295453832447e-310
6.92954986898133e-310,6.92954538196093e-310,6.92954538324787e-310
6.92954986898133e-310,6.9295453819641e-310,6.92954538325103e-310
6.92954538068347e-310,6.92954538196725e-310,6.9295453832542e-310
6.92954538068347e-310,6.9295453819704e-310,6.92954538325735e-310
6.92954538068663e-310,6.92954538197357e-310,6.9295453832605e-310
6.9295453806898e-310,6.92954538197674e-310,6.9295453832637e-310
6.92954538069296e-310,6.9295453819799e-310,6.92954538326684e-310
6.9295453806961e-310,6.92954538198306e-310,6.92954538327e-310
6.9295453806993e-310,6.9295453819862e-310,6.92954986898133e-310
6.92954538070244e-310,6.9295453819894e-310,6.92954986898133e-310
6.9295453807056e-310,6.92954538199255e-310,6.92954538327317e-310
6.92954538070877e-310,6.9295453819957e-310,6.92954538327317e-310
6.92954538071193e-310,6.92954986898133e-310,6.92954538327633e-310
6.9295453807151e-310,6.92954986898133e-310,6.9295453832795e-310
6.92954538071825e-310,6.92954538199887e-310,6.92954538328265e-310
6.9295453807214e-310,6.92954538199887e-310,6.9295453832858e-310
6.92954986898133e-310,6.92954538200203e-310,6.92954538328898e-310
6.92954986898133e-310,6.9295453820052e-310,6.92954538329214e-310
6.9295453807246e-310,6.92954538200836e-310,6.9295453832953e-310
6.9295453807246e-310,6.9295453820115e-310,6.92954538329846e-310
6.92954538072774e-310,6.9295453820147e-310,6.9295453833016e-310
6.9295453807309e-310,6.92954538201784e-310,6.9295453833048e-310
6.92954538073406e-310,6.929545382021e-310,6.92954538330795e-310
6.92954538073722e-310,6.92954538202417e-310,6.9295453833111e-310
6.9295453807404e-310,6.92954538202733e-310,6.92954986898133e-310
6.92954538074355e-310,6.9295453820305e-310,6.92954986898133e-310
6.9295453807467e-310,6.92954538203365e-310,6.92954538331427e-310
6.92954538074987e-310,6.9295453820368e-310,6.92954538331427e-310
6.92954538075304e-310,6.92954986898133e-310,6.92954538331743e-310
6.9295453807562e-310,6.92954986898133e-310,6.9295453833206e-310
6.92954538075936e-310,6.92954538204e-310,6.92954538332376e-310
6.9295453807625e-310,6.92954538204e-310,6.9295453833269e-310
6.92954986898133e-310,6.92954538204314e-310,6.9295453833301e-310
6.92954986898133e-310,6.9295453820463e-310,6.92954538333324e-310
6.9295453807657e-310,6.92954538204946e-310,6.9295453833364e-310
6.9295453807657e-310,6.92954538205263e-310,6.92954538333957e-310
6.92954538076885e-310,6.9295453820558e-310,6.92954538334273e-310
6.929545380772e-310,6.92954538205895e-310,6.9295453833459e-310
6.92954538077517e-310,6.9295453820621e-310,6.92954538334905e-310
6.92954538077833e-310,6.92954538206527e-310,6.9295453833522e-310
6.9295453807815e-310,6.92954538206844e-310,6.92954986898133e-310
6.92954538078466e-310,6.9295453820716e-310,6.92954986898133e-310
6.9295453807878e-310,6.92954538207476e-310,6.9295453833554e-310
6.929545380791e-310,6.9295453820779e-310,6.9295453833554e-310
6.92954538079414e-310,6.92954986898133e-310,6.92954538335854e-310
6.9295453807973e-310,6.92954986898133e-310,6.9295453833617e-310
6.92954538080047e-310,6.9295453820811e-310,6.92954538336486e-310
6.92954538080363e-310,6.9295453820811e-310,6.92954538336803e-310
6.92954986898133e-310,6.92954538208425e-310,6.9295453833712e-310
6.92954986898133e-310,6.9295453820874e-310,6.92954538337435e-310
6.9295453808068e-310,6.92954538209057e-310,6.9295453833775e-310
6.9295453808068e-310,6.92954538209373e-310,6.92954538338067e-310
6.92954538080995e-310,6.9295453820969e-310,6.92954538338384e-310
6.9295453808131e-310,6.92954538210006e-310,6.929545383387e-310
6.9295453808163e-310,6.9295453821032e-310,6.92954538339016e-310
6.92954538081944e-310,6.9295453821064e-310,6.9295453833933e-310
6.9295453808226e-310,6.92954538210954e-310,6.92954986898133e-310
6.92954538082576e-310,6.9295453821127e-310,6.92954986898133e-310
6.9295453808289e-310,6.92954538211587e-310,6.9295453833965e-310
6.9295453808321e-310,6.92954538211903e-310,6.9295453833965e-310
6.92954538083525e-310,6.92954986898133e-310,6.92954538339965e-310
6.9295453808384e-310,6.92954986898133e-310,6.9295453834028e-310
6.92954538084157e-310,6.9295453821222e-310,6.92954538340597e-310
6.92954538084473e-310,6.9295453821222e-310,6.92954538340913e-310
6.92954986898133e-310,6.92954538212535e-310,6.9295453834123e-310
6.92954986898133e-310,6.9295453821285e-310,6.92954538341546e-310
6.9295453808479e-310,6.9295453821317e-310,6.9295453834186e-310
6.9295453808479e-310,6.92954538213484e-310,6.9295453834218e-310
6.92954538085106e-310,6.929545382138e-310,6.92954538342494e-310
6.9295453808542e-310,6.92954538214116e-310,6.9295453834281e-310
6.9295453808574e-310,6.9295453821443e-310,6.92954538343127e-310
6.92954538086054e-310,6.9295453821475e-310,6.92954538343443e-310
6.9295453808637e-310,6.92954538215065e-310,6.92954986898133e-310
6.92954538086687e-310,6.9295453821538e-310,6.92954986898133e-310
6.92954538087003e-310,6.92954538215697e-310,6.9295453834376e-310
6.9295453808732e-310,6.92954538216013e-310,6.9295453834376e-310
6.92954538087635e-310,6.92954986898133e-310,6.92954538344075e-310
6.9295453808795e-310,6.92954986898133e-310,6.9295453834439e-310
6.9295453808827e-310,6.9295453821633e-310,6.9295453834471e-310
6.92954538088584e-310,6.9295453821633e-310,6.92954538345024e-310
6.92954986898133e-310,6.92954538216646e-310,6.9295453834534e-310
6.92954986898133e-310,6.9295453821696e-310,6.92954538345656e-310
6.929545380889e-310,6.9295453821728e-310,6.9295453834597e-310
6.929545380889e-310,6.92954538217594e-310,6.9295453834629e-310
6.92954538089216e-310,6.9295453821791e-310,6.92954538346605e-310
6.92954538089533e-310,6.92954538218227e-310,6.9295453834692e-310
6.9295453808985e-310,6.92954538218543e-310,6.92954538347237e-310
6.92954538090165e-310,6.9295453821886e-310,6.92954538347553e-310
6.9295453809048e-310,6.92954538219175e-310,6.92954986898133e-310
6.92954538090797e-310,6.9295453821949e-310,6.92954986898133e-310
6.92954538091114e-310,6.9295453821981e-310,6.9295453834787e-310
6.9295453809143e-310,6.92954538220124e-310,6.9295453834787e-310
6.92954538091746e-310,6.92954986898133e-310,6.92954538348186e-310
6.9295453809206e-310,6.92954986898133e-310,6.929545383485e-310
6.9295453809238e-310,6.9295453822044e-310,6.9295453834882e-310
6.92954538092695e-310,6.9295453822044e-310,6.92954538349134e-310
6.92954986898133e-310,6.92954538220756e-310,6.9295453834945e-310
6.92954986898133e-310,6.92954538221073e-310,6.92954538349767e-310
6.9295453809301e-310,6.9295453822139e-310,6.92954538350083e-310
6.9295453809301e-310,6.92954538221705e-310,6.929545383504e-310
6.92954538093327e-310,6.9295453822202e-310,6.92954538350715e-310
6.92954538093643e-310,6.92954538222337e-310,6.9295453835103e-310
6.9295453809396e-310,6.92954538222654e-310,6.9295453835135e-310
6.92954538094276e-310,6.9295453822297e-310,6.92954538351664e-310
6.9295453809459e-310,6.92954538223286e-310,6.92954986898133e-310
6.9295453809491e-310,6.929545382236e-310,6.92954986898133e-310
6.92954538095224e-310,6.9295453822392e-310,6.9295453835198e-310
6.9295453809554e-310,6.92954538224235e-310,6.9295453835198e-310
6.92954538095857e-310,6.92954986898133e-310,6.92954538352296e-310
6.92954538096173e-310,6.92954986898133e-310,6.92954538352613e-310
6.9295453809649e-310,6.9295453822455e-310,6.9295453835293e-310
6.92954538096805e-310,6.9295453822455e-310,6.92954538353245e-310
6.92954986898133e-310,6.92954538224867e-310,6.9295453835356e-310
6.92954986898133e-310,6.92954538225183e-310,6.92954538353877e-310
6.9295453809712e-310,6.929545382255e-310,6.92954538354194e-310
6.9295453809712e-310,6.92954538225816e-310,6.9295453835451e-310
6.9295453809744e-310,6.9295453822613e-310,6.92954538354826e-310
6.92954538097754e-310,6.9295453822645e-310,6.9295453835514e-310
6.9295453809807e-310,6.92954538226764e-310,6.9295453835546e-310
6.92954538098386e-310,6.9295453822708e-310,6.92954538355775e-310
6.929545380987e-310,6.92954538227397e-310,6.92954986898133e-310
6.9295453809902e-310,6.92954538227713e-310,6.92954986898133e-310
6.92954538099335e-310,6.9295453822803e-310,6.9295453835609e-310
6.9295453809965e-310,6.92954538228345e-310,6.9295453835609e-310
6.92954538099967e-310,6.92954986898133e-310,6.92954538356407e-310
6.92954538100283e-310,6.92954986898133e-310,6.92954538356723e-310
6.929545381006e-310,6.9295453822866e-310,6.9295453835704e-310
6.92954538100916e-310,6.9295453822866e-310,6.92954538357356e-310
6.92954986898133e-310,6.9295453822898e-310,6.9295453835767e-310
6.92954986898133e-310,6.92954538229294e-310,6.9295453835799e-310
6.9295453810123e-310,6.9295453822961e-310,6.92954538358304e-310
6.9295453810123e-310,6.92954538229926e-310,6.9295453835862e-310
6.9295453810155e-310,6.92954538230242e-310,6.92954538358937e-310
6.92954538101864e-310,6.9295453823056e-310,6.92954538359253e-310
6.9295453810218e-310,6.92954538230875e-310,6.9295453835957e-310
6.92954538102497e-310,6.9295453823119e-310,6.92954538359885e-310
6.92954538102813e-310,6.92954538231507e-310,6.92954986898133e-310
6.9295453810313e-310,6.92954538231823e-310,6.92954986898133e-310
6.92954538103445e-310,6.9295453823214e-310,6.9294889317712e-310
6.9295453810376e-310,6.92954538232456e-310,6.9294889317712e-310
6.9295453810408e-310,6.92954986898133e-310,6.92948893177674e-310
6.92954538104394e-310,6.92954986898133e-310,6.9294889317815e-310
6.9295453810471e-310,6.9295453823277e-310,6.929488931787e-310
6.92954538105026e-310,6.9295453823277e-310,6.92948893179255e-310
6.92954986898133e-310,6.9295453823309e-310,6.9294889317957e-310
6.92954986898133e-310,6.92954538233405e-310,6.92948893179887e-310
6.92954538105343e-310,6.9295453823372e-310,6.92948893180124e-310
6.92954538105343e-310,6.92954538234037e-310,6.9294889318028e-310
6.9295453810566e-310,6.92954538234353e-310,6.9294889318044e-310
6.92954538105975e-310,6.9295453823467e-310,6.92948893180677e-310
6.9295453810629e-310,6.92954538234986e-310,6.92948893180994e-310
6.92954538106608e-310,6.929545382353e-310,6.9294889318123e-310
6.92954538106924e-310,6.9295453823562e-310,6.92954986898133e-310
6.9295453810724e-310,6.92954538235934e-310,6.92954986898133e-310
6.92954538107556e-310,6.9295453823625e-310,6.92948893181784e-310
6.9295453810787e-310,6.92954538236567e-310,6.92948893181784e-310
6.9295453810819e-310,6.92954986898133e-310,6.9294889318202e-310
6.92954538108505e-310,6.92954986898133e-310,6.9294889318218e-310
6.9295453810882e-310,6.92954538236883e-310,6.92948893182337e-310
6.92954538109137e-310,6.92954538236883e-310,6.92948893182496e-310
6.92954986898133e-310,6.929545382372e-310,6.92948893182654e-310
6.92954986898133e-310,6.92954538237515e-310,6.9294889318289e-310
6.92954538109453e-310,6.9295453823783e-310,6.9294889318305e-310
6.92954538109453e-310,6.9295453823815e-310,6.92948893183207e-310
6.9295453810977e-310,6.92954538238464e-310,6.92948893183444e-310
6.92954538110086e-310,6.9295453823878e-310,6.929488931836e-310
6.929545381104e-310,6.92954538239096e-310,6.9294889318392e-310
6.9295453811072e-310,6.9295453823941e-310,6.92948893184077e-310
6.92954538111034e-310,6.9295453823973e-310,6.92954986898133e-310
6.9295453811135e-310,6.92954538240045e-310,6.92954986898133e-310
6.92954538111667e-310,6.9295453824036e-310,6.9294889318455e-310
6.92954538111983e-310,6.92954538240677e-310,6.9294889318455e-310
6.929545381123e-310,6.92954986898133e-310,6.92948893185025e-310
6.92954538112615e-310,6.92954986898133e-310,6.92948893185183e-310
6.9295453811293e-310,6.92954538240993e-310,6.9294889318534e-310
6.9295453811325e-310,6.92954538240993e-310,6.929488931855e-310
6.92954986898133e-310,6.9295453824131e-310,6.9294889318566e-310
6.92954986898133e-310,6.92954538241626e-310,6.92948893185974e-310
6.92954538113564e-310,6.9295453824194e-310,6.9294889318613e-310
6.92954538113564e-310,6.9295453824226e-310,6.9294889318629e-310
6.9295453811388e-310,6.92954538242574e-310,6.92948893186527e-310
6.92954538114196e-310,6.9295453824289e-310,6.92948893186685e-310
6.92954538114513e-310,6.92954538243207e-310,6.92948893186843e-310
6.9295453811483e-310,6.92954538243523e-310,6.92948893187e-310
6.92954538115145e-310,6.9295453824384e-310,6.92954986898133e-310
6.9295453811546e-310,6.92954538244155e-310,6.92954986898133e-310
6.92954538115777e-310,6.9295453824447e-310,6.9294889318732e-310
6.92954538116094e-310,6.9295453824479e-310,6.9294889318732e-310
6.9295453811641e-310,6.92954986898133e-310,6.92948893187555e-310
6.92954538116726e-310,6.92954986898133e-310,6.92948893187713e-310
6.9295453811704e-310,6.92954538245104e-310,6.9294889318787e-310
6.9295453811736e-310,6.92954538245104e-310,6.9294889318803e-310
6.92954986898133e-310,6.9295453824542e-310,6.92948893188187e-310
6.92954986898133e-310,6.92954538245736e-310,6.92948893188345e-310
6.92954538117675e-310,6.92954538246053e-310,6.92948893188503e-310
6.92954538117675e-310,6.9295453824637e-310,6.9294889318866e-310
6.9295453811799e-310,6.92954538246685e-310,6.9294889318882e-310
6.92954538118307e-310,6.92954538247e-310,6.9294889318898e-310
6.92954538118623e-310,6.92954538247317e-310,6.92948893189136e-310
6.9295453811894e-310,6.92954538247634e-310,6.92948893189294e-310
6.92954538119256e-310,6.9295453824795e-310,6.92954986898133e-310
6.9295453811957e-310,6.92954538248266e-310,6.92954986898133e-310
6.9295453811989e-310,6.9295453824858e-310,6.9294889318969e-310
6.92954538120204e-310,6.929545382489e-310,6.9294889318969e-310
6.9295453812052e-310,6.92954986898133e-310,6.92948893190005e-310
6.92954538120837e-310,6.92954986898133e-310,6.92948893190796e-310
6.92954538121153e-310,6.92954538249215e-310,6.92948893190954e-310
6.9295453812147e-310,6.92954538249215e-310,6.9294889319111e-310
6.92954986898133e-310,6.9295453824953e-310,6.9294889319127e-310
6.92954986898133e-310,6.92954538249847e-310,6.92948893191586e-310
6.92954538121785e-310,6.92954538250163e-310,6.92948893191744e-310
6.92954538121785e-310,6.9295453825048e-310,6.92948893191903e-310
6.929545381221e-310,6.92954538250796e-310,6.9294889319206e-310
6.9295453812242e-310,6.9295453825111e-310,6.9294889319222e-310
6.92954538122734e-310,6.9295453825143e-310,6.92948893192377e-310
6.9295453812305e-310,6.92954538251744e-310,6.92948893192535e-310
6.92954538123366e-310,6.9295453825206e-310,6.92954986898133e-310
6.9295453812368e-310,6.92954538252377e-310,6.92954986898133e-310
6.92954538124e-310,6.92954538252693e-310,6.9294889319285e-310
6.92954538124315e-310,6.9295453825301e-310,6.9294889319285e-310
6.9295453812463e-310,6.92954986898133e-310,6.9294889319309e-310
6.92954538124947e-310,6.92954986898133e-310,6.92948893193246e-310
6.92954538125263e-310,6.92954538253325e-310,6.92948893193405e-310
6.9295453812558e-310,6.92954538253325e-310,6.92948893193563e-310
6.92954986898133e-310,6.9295453825364e-310,6.9294889319372e-310
6.92954986898133e-310,6.9295453825396e-310,6.9294889319388e-310
6.92954538125896e-310,6.92954538254274e-310,6.92948893194037e-310
6.92954538125896e-310,6.9295453825459e-310,6.9294889319459e-310
6.9295453812621e-310,6.92954538254906e-310,6.9294889319475e-310
6.9295453812653e-310,6.9295453825522e-310,6.92948893194907e-310
6.92954538126844e-310,6.9295453825554e-310,6.92948893195065e-310
6.9295453812716e-310,6.92954538255855e-310,6.92948893195223e-310
6.92954538127477e-310,6.9295453825617e-310,6.92954986898133e-310
6.92954538127793e-310,6.92954538256487e-310,6.92954986898133e-310
6.9295453812811e-310,6.92954538256803e-310,6.9294889319554e-310
6.92954538128425e-310,6.9295453825712e-310,6.9294889319554e-310
6.9295453812874e-310,6.92954986898133e-310,6.9294889319609e-310
6.9295453812906e-310,6.92954986898133e-310,6.9294889319625e-310
6.92954538129374e-310,6.92954538257436e-310,6.9294889319641e-310
6.9295453812969e-310,6.92954538257436e-310,6.92948893196567e-310
6.92954986898133e-310,6.9295453825775e-310,6.92948893196725e-310
6.92954986898133e-310,6.9295453825807e-310,6.92948893196883e-310
6.92954538130006e-310,6.92954538258384e-310,6.9294889319704e-310
6.92954538130006e-310,6.929545382587e-310,6.9294889319728e-310
6.92954538130323e-310,6.92954538259017e-310,6.92948893197436e-310
6.9295453813064e-310,6.92954538259333e-310,6.92948893197594e-310
6.92954538130955e-310,6.9295453825965e-310,6.9294889319775e-310
6.9295453813127e-310,6.92954538259965e-310,6.9294889319791e-310
6.92954538131587e-310,6.9295453826028e-310,6.92954986898133e-310
6.92954538131904e-310,6.929545382606e-310,6.92954986898133e-310
6.9295453813222e-310,6.92954538260914e-310,6.92948893198227e-310
6.92954538132536e-310,6.9295453826123e-310,6.92948893198227e-310
6.9295453813285e-310,6.92954986898133e-310,6.92948893198464e-310
6.9295453813317e-310,6.92954986898133e-310,6.9294889319862e-310
6.92954538133485e-310,6.92954538261546e-310,6.9294889319878e-310
6.929545381338e-310,6.92954538261546e-310,6.9294889319894e-310
6.92954986898133e-310,6.92954538261863e-310,6.92948893199096e-310
6.92954986898133e-310,6.9295453826218e-310,6.92948893199254e-310
6.92954538134117e-310,6.92954538262495e-310,6.9294889319941e-310
6.92954538134117e-310,6.9295453826281e-310,6.9294889319957e-310
6.92954538134433e-310,6.92954538263127e-310,6.9294889319973e-310
6.9295453813475e-310,6.92954538263444e-310,6.92948893199887e-310
6.92954538135066e-310,6.9295453826376e-310,6.92948893200045e-310
6.9295453813538e-310,6.92954538264076e-310,6.92948893200203e-310
6.929545381357e-310,6.9295453826439e-310,6.92954986898133e-310
6.92954538136014e-310,6.9295453826471e-310,6.92954986898133e-310
6.9295453813633e-310,6.92954538265025e-310,6.9294889320052e-310
6.92954538136647e-310,6.9295453826534e-310,6.9294889320052e-310
6.92954538136963e-310,6.92954986898133e-310,6.92948893200756e-310
6.9295453813728e-310,6.92954986898133e-310,6.92948893200914e-310
6.92954538137595e-310,6.92954538265657e-310,6.9294889320107e-310
6.9295453813791e-310,6.92954538265657e-310,6.9294889320123e-310
6.92954986898133e-310,6.92954538265973e-310,6.9294889320139e-310
6.92954986898133e-310,6.9295453826629e-310,6.92948893201547e-310
6.9295453813823e-310,6.92954538266606e-310,6.92948893201705e-310
6.9295453813823e-310,6.9295453826692e-310,6.92948893201863e-310
6.92954538138544e-310,6.9295453826724e-310,6.929488932021e-310
6.9295453813886e-310,6.92954538267554e-310,6.9294889320226e-310
6.92954538139176e-310,6.9295453826787e-310,6.92948893202416e-310
6.92954538139493e-310,6.92954538268187e-310,6.92948893202574e-310
6.9295453813981e-310,6.92954538268503e-310,6.92954986898133e-310
6.92954538140125e-310,6.9295453826882e-310,6.92954986898133e-310
6.9295453814044e-310,6.92954538269135e-310,6.9294889320289e-310
6.92954538140757e-310,6.9295453826945e-310,6.9294889320289e-310
6.92954538141074e-310,6.92954986898133e-310,6.9294889320313e-310
6.9295453814139e-310,6.92954986898133e-310,6.92948893203286e-310
6.92954538141706e-310,6.9295453826977e-310,6.92948893203444e-310
6.9295453814202e-310,6.9295453826977e-310,6.9294889320368e-310
6.92954986898133e-310,6.92954538270084e-310,6.9294889320392e-310
6.92954986898133e-310,6.929545382704e-310,6.92948893204076e-310
6.9295453814234e-310,6.92954538270716e-310,6.92948893204234e-310
6.9295453814234e-310,6.92954538271033e-310,6.92948893204393e-310
6.92954538142655e-310,6.9295453827135e-310,6.9294889320455e-310
6.9295453814297e-310,6.92954538271665e-310,6.9294889320471e-310
6.92954538143287e-310,6.9295453827198e-310,6.92948893204867e-310
6.92954538143603e-310,6.92954538272297e-310,6.92948893205025e-310
6.9295453814392e-310,6.92954538272614e-310,6.92954986898133e-310
6.92954538144236e-310,6.9295453827293e-310,6.92954986898133e-310
6.9295453814455e-310,6.92954538273246e-310,6.9294889320534e-310
6.9295453814487e-310,6.9295453827356e-310,6.9294889320534e-310
6.92954538145184e-310,6.92954986898133e-310,6.9294889320558e-310
6.929545381455e-310,6.92954986898133e-310,6.92948893205736e-310
6.92954538145817e-310,6.9295453827388e-310,6.92948893205895e-310
6.92954538146133e-310,6.9295453827388e-310,6.92948893206053e-310
6.92954986898133e-310,6.92954538274195e-310,6.9294889320621e-310
6.92954986898133e-310,6.9295453827451e-310,6.9294889320637e-310
6.9295453814645e-310,6.92954538274827e-310,6.92948893206527e-310
6.9295453814645e-310,6.92954538275143e-310,6.92948893206685e-310
6.92954538146765e-310,6.9295453827546e-310,6.92948893206843e-310
6.9295453814708e-310,6.92954538275776e-310,6.92948893207e-310
6.929545381474e-310,6.9295453827609e-310,6.9294889320716e-310
6.92954538147714e-310,6.9295453827641e-310,6.92948893207317e-310
6.9295453814803e-310,6.92954538276724e-310,6.92954986898133e-310
6.92954538148346e-310,6.9295453827704e-310,6.92954986898133e-310
6.9295453814866e-310,6.92954538277357e-310,6.92948893207634e-310
6.9295453814898e-310,6.92954538277673e-310,6.92948893207634e-310
6.92954538149295e-310,6.92954986898133e-310,6.9294889320787e-310
6.9295453814961e-310,6.92954986898133e-310,6.9294889320803e-310
6.92954538149927e-310,6.9295453827799e-310,6.92948893208187e-310
6.92954538150243e-310,6.9295453827799e-310,6.92948893208345e-310
6.92954986898133e-310,6.92954538278305e-310,6.92948893208503e-310
6.92954986898133e-310,6.9295453827862e-310,6.9294889320866e-310
6.9295453815056e-310,6.9295453827894e-310,6.9294889320882e-310
6.9295453815056e-310,6.92954538279254e-310,6.92948893208978e-310
6.92954538150876e-310,6.9295453827957e-310,6.92948893209136e-310
6.9295453815119e-310,6.92954538279886e-310,6.92948893209294e-310
6.9295453815151e-310,6.929545382802e-310,6.9294889320945e-310
6.92954538151824e-310,6.9295453828052e-310,6.9294889320961e-310
6.9295453815214e-310,6.92954538280835e-310,6.92954986898133e-310
6.92954538152457e-310,6.9295453828115e-310,6.92954986898133e-310
6.92954538152773e-310,6.92954538281467e-310,6.92948893209926e-310
6.9295453815309e-310,6.92954538281783e-310,6.92948893209926e-310
6.92954538153405e-310,6.92954986898133e-310,6.92948893210163e-310
6.9295453815372e-310,6.92954986898133e-310,6.9294889321032e-310
6.9295453815404e-310,6.929545382821e-310,6.9294889321048e-310
6.92954538154354e-310,6.929545382821e-310,6.9294889321064e-310
6.92954986898133e-310,6.92954538282416e-310,6.92948893210796e-310
6.92954986898133e-310,6.9295453828273e-310,6.92948893210954e-310
6.9295453815467e-310,6.9295453828305e-310,6.9294889321111e-310
6.9295453815467e-310,6.92954538283364e-310,6.9294889321127e-310
6.92954538154986e-310,6.9295453828368e-310,6.9294889321143e-310
6.92954538155303e-310,6.92954538283997e-310,6.92948893211586e-310
6.9295453815562e-310,6.92954538284313e-310,6.92948893211744e-310
6.92954538155935e-310,6.9295453828463e-310,6.929488932119e-310
6.9295453815625e-310,6.92954538284945e-310,6.92954986898133e-310
6.92954538156567e-310,6.9295453828526e-310,6.92954986898133e-310
6.92954538156884e-310,6.9295453828558e-310,6.9294889321222e-310
6.929545381572e-310,6.92954538285894e-310,6.9294889321222e-310
6.92954538157516e-310,6.92954986898133e-310,6.92948893212456e-310
6.9295453815783e-310,6.92954986898133e-310,6.92948893212614e-310
6.9295453815815e-310,6.9295453828621e-310,6.9294889321277e-310
6.92954538158465e-310,6.9295453828621e-310,6.9294889321293e-310
6.92954986898133e-310,6.92954538286526e-310,6.9294889321309e-310
6.92954986898133e-310,6.92954538286843e-310,6.92948893213246e-310
6.9295453815878e-310,6.9295453828716e-310,6.92948893213404e-310
6.9295453815878e-310,6.92954538287475e-310,6.9294889321356e-310
6.92954538159097e-310,6.9295453828779e-310,6.9294889321372e-310
6.92954538159413e-310,6.92954538288107e-310,6.9294889321388e-310
6.9295453815973e-310,6.92954538288424e-310,6.92948893214037e-310
6.92954538160046e-310,6.9295453828874e-310,6.92948893214195e-310
6.9295453816036e-310,6.92954538289056e-310,6.92954986898133e-310
6.9295453816068e-310,6.9295453828937e-310,6.92954986898133e-310
6.92954538160994e-310,6.9295453828969e-310,6.9294889321451e-310
6.9295453816131e-310,6.92954538290005e-310,6.9294889321451e-310
6.92954538161627e-310,6.92954986898133e-310,6.9294889321475e-310
6.92954538161943e-310,6.92954986898133e-310,6.92948893214906e-310
6.9295453816226e-310,6.9295453829032e-310,6.92948893215064e-310
6.92954538162575e-310,6.9295453829032e-310,6.92948893215222e-310
6.92954986898133e-310,6.92954538290637e-310,6.9294889321538e-310
6.92954986898133e-310,6.92954538290953e-310,6.9294889321554e-310
6.9295453816289e-310,6.9295453829127e-310,6.92948893215697e-310
6.9295453816289e-310,6.92954538291586e-310,6.92948893215855e-310
6.9295453816321e-310,6.929545382919e-310,6.92948893216013e-310
6.92954538163524e-310,6.9295453829222e-310,6.9294889321617e-310
6.9295453816384e-310,6.92954538292534e-310,6.9294889321633e-310
6.92954538164156e-310,6.9295453829285e-310,6.92948893216487e-310
6.9295453816447e-310,6.92954538293167e-310,6.92954986898133e-310
6.9295453816479e-310,6.92954538293483e-310,6.92954986898133e-310
6.92954538165105e-310,6.929545382938e-310,6.92948893216804e-310
