NaN,NaN,NaN,NaN
4.67948277234693e-310,1.24e-322,4.6794827727422e-310,5.0e-324
8.487983164e-314,4.67963731781567e-310,8.487983164e-314,4.67963731781567e-310
6.5781869675e-313,5.054e-321,4.307651456667e-312,5.054e-321
4.67948353929373e-310,NaN,NaN,NaN
2.8e-322,4.67948277254614e-310,1.013e-321,4.6794827729414e-310
4.67963731781567e-310,8.487983164e-314,4.67963731781567e-310,8.487983164e-314
5.054e-321,3.6073928456e-313,5.054e-321,1.37e-321
NaN,NaN,NaN,NaN
4.6794827723501e-310,1.0e-322,4.67948277274535e-310,1.1e-322
8.487983164e-314,4.67963731781567e-310,8.487983164e-314,4.67963731781567e-310
4.838150403426e-312,5.054e-321,1.67e-321,5.054e-321
NaN,4.67948261116177e-310,NaN,NaN
4.35e-322,4.6794827725493e-310,7.2e-322,4.67948277294455e-310
4.67963731781567e-310,8.487983164e-314,4.67963731781567e-310,8.487983164e-314
5.054e-321,5.0e-324,5.054e-321,1.1e-321
NaN,4.679483117532e-310,NaN,NaN
4.67948277235326e-310,3.0e-323,4.6794827727485e-310,2.19e-321
8.487983164e-314,4.67963731781567e-310,8.487983164e-314,4.67963731781567e-310
4.562290950635e-312,5.054e-321,3.267873518225e-312,5.054e-321
NaN,NaN,NaN,NaN
6.4e-323,4.67948277255246e-310,7.66e-322,4.6794827729477e-310
4.67963731781567e-310,8.487983164e-314,4.67963731781567e-310,8.487983164e-314
5.054e-321,7.21478569027e-313,5.054e-321,8.25e-322
NaN,NaN,NaN,NaN
4.6794827723564e-310,8.45e-322,4.67948277275167e-310,1.7e-322
8.487983164e-314,4.67963731781567e-310,8.487983164e-314,4.67963731781567e-310
7.4269852727e-313,5.054e-321,2.5e-323,5.054e-321
NaN,NaN,NaN,NaN
1.33e-321,4.67948277255563e-310,7.5e-322,4.6794827729509e-310
4.67942511889595e-310,8.487983164e-314,4.67963731781567e-310,8.487983164e-314
4.67947714506136e-310,1.443e-321,5.054e-321,1.846136338466e-312
NaN,NaN,NaN,NaN
4.6794827723596e-310,4.2e-322,4.67948277275483e-310,1.73e-322
8.487983165e-314,6.593e-320,8.487983164e-314,4.67963731781567e-310
5.94158821505e-313,4.67947714506136e-310,4.30765145574e-312,5.054e-321
NaN,NaN,NaN,NaN
1.5e-322,4.6794827725588e-310,1.966e-321,4.67948277295404e-310
4.67963731781567e-310,8.487983165e-314,4.67963731781567e-310,8.487983164e-314
5.054e-321,2.54639494955e-313,5.054e-321,5.092789911e-313
NaN,NaN,NaN,NaN
4.67948277236274e-310,1.24e-322,4.679482772758e-310,1.275e-321
8.487983164e-314,4.67963731781567e-310,8.487983164e-314,4.67963731781567e-310
1.013e-321,5.054e-321,5.09278991215e-313,5.054e-321
NaN,NaN,NaN,NaN
8.15e-322,4.67948277256195e-310,1.73e-321,4.6794827729572e-310
4.67963731781567e-310,8.487983164e-314,4.67963731781567e-310,8.487983164e-314
5.054e-321,4.84e-322,5.054e-321,1.8461363395e-312
4.6794773977368e-310,NaN,NaN,NaN
4.6794827723659e-310,1.225e-321,4.67948277276116e-310,1.6e-322
8.487983164e-314,4.67963731781567e-310,8.487983164e-314,4.67963731781567e-310
3.3e-322,5.054e-321,5.0927899032e-313,5.054e-321
NaN,NaN,NaN,NaN
3.36e-322,4.6794827725651e-310,6.67e-322,4.67948277296036e-310
4.67963731781567e-310,8.487983164e-314,4.67963731781567e-310,8.487983164e-314
5.054e-321,1.616e-321,5.054e-321,1.9097962131e-312
NaN,NaN,NaN,NaN
4.67948277236907e-310,1.63e-321,4.6794827727643e-310,1.245e-321
8.487983164e-314,4.67963731781567e-310,8.487983164e-314,4.67963731781567e-310
4.2439915918e-313,5.054e-321,5.0e-324,5.054e-321
NaN,NaN,NaN,NaN
9.93e-322,4.67948277256827e-310,1.39e-321,4.67948277296353e-310
4.67963731781567e-310,8.487983164e-314,4.67963731781567e-310,8.487983164e-314
5.054e-321,2.47e-322,5.054e-321,5.0927899028e-313
6.90624025506376e-310,NaN,4.6794832823195e-310,NaN
4.67948277237223e-310,2.5e-322,4.6794827727675e-310,1.4e-321
8.487983164e-314,4.6794251182372e-310,8.487983164e-314,4.67963731781567e-310
7.42698527317e-313,4.6794771450661e-310,1.705e-321,5.054e-321
NaN,NaN,NaN,NaN
5.63e-322,4.67948277257144e-310,5.0e-324,4.6794827729667e-310
4.67963731781567e-310,8.487983165e-314,4.67963731781567e-310,8.487983164e-314
5.054e-321,1.4853970538e-313,5.054e-321,6.8540464063e-312
NaN,NaN,NaN,NaN
4.6794827723754e-310,1.53e-322,4.67948277277064e-310,1.606e-321
8.487983164e-314,4.67963731781567e-310,8.487983164e-314,6.5933e-320
2.29175545477e-312,5.054e-321,1.695e-321,4.67947714506136e-310
NaN,NaN,NaN,NaN
7.26e-322,4.6794827725746e-310,1.7e-321,4.67948277296985e-310
4.67963731781567e-310,8.487983164e-314,4.67963731781567e-310,8.487983165e-314
5.054e-321,2.233e-321,5.054e-321,2.54639494955e-313
NaN,NaN,4.6794833658854e-310,4.67948379313596e-310
4.67948277237855e-310,1.477e-321,4.6794827727738e-310,1.3e-322
8.487983164e-314,4.67963731781567e-310,8.487983164e-314,4.67963731781567e-310
2.885914276484e-312,5.054e-321,5.0e-324,5.054e-321
NaN,NaN,NaN,NaN
6.77e-322,4.67948277257776e-310,5.0e-324,4.679482772973e-310
4.67963731781567e-310,8.487983164e-314,4.67963731781567e-310,8.487983164e-314
5.054e-321,1.467e-321,5.054e-321,1.846136338935e-312
NaN,NaN,NaN,NaN
4.6794827723817e-310,1.003e-321,4.67948277277697e-310,8.0e-322
8.487983164e-314,4.67963731781567e-310,8.487983164e-314,4.67963731781567e-310
3.8195924272e-313,5.054e-321,3.1e-322,5.054e-321
NaN,NaN,NaN,NaN
3.56e-322,4.6794827725809e-310,3.16e-322,4.67948277297617e-310
4.67963731781567e-310,8.487983164e-314,4.67963731781567e-310,8.487983164e-314
5.054e-321,5.580848930283e-312,5.054e-321,3.75593255088e-312
NaN,NaN,NaN,4.67948379313003e-310
4.6794827723849e-310,5.0e-323,4.67948277278013e-310,3.95e-322
8.487983164e-314,4.67963731781567e-310,8.487983164e-314,4.67963731781567e-310
7.38454535307e-312,5.054e-321,1.457e-321,5.054e-321
NaN,NaN,NaN,4.6794837931249e-310
1.81e-321,4.6794827725841e-310,1.46e-321,4.67948277297934e-310
4.67963731781567e-310,8.487983164e-314,4.67963731781567e-310,8.487983164e-314
5.054e-321,5.7293886365e-313,5.054e-321,1.19e-321
NaN,NaN,NaN,NaN
4.67948277238804e-310,1.4e-322,4.6794827727833e-310,1.813e-321
8.487983164e-314,4.67963731781567e-310,8.487983164e-314,4.67963731781567e-310
3.5e-322,5.054e-321,1.039777937687e-312,5.054e-321
NaN,NaN,4.6794833659008e-310,NaN
3.56e-322,4.67948277258725e-310,2.47e-322,4.6794827729825e-310
4.67963731781567e-310,8.487983164e-314,4.67963731781567e-310,8.487983164e-314
5.054e-321,3.86203233967e-312,5.054e-321,4.24399158914e-313
NaN,NaN,NaN,NaN
4.6794827723912e-310,3.46e-322,4.67948277278645e-310,7.5e-322
8.487983164e-314,4.67963731781567e-310,8.487983164e-314,4.67963731781567e-310
5.09278989945e-313,5.054e-321,5.0927899068e-313,5.054e-321
NaN,NaN,NaN,NaN
1.2e-322,4.6794827725904e-310,1.17e-321,4.67948277298566e-310
4.67963731781567e-310,8.487983164e-314,4.67963731781567e-310,8.487983164e-314
5.054e-321,1.53e-321,5.054e-321,5.8e-322
NaN,NaN,NaN,NaN
4.67948277239436e-310,1.39e-321,4.6794827727896e-310,1.61e-321
8.487983164e-314,4.67963731781567e-310,8.487983164e-314,4.67963731781567e-310
8.0e-322,5.054e-321,5.09278989906e-313,5.054e-321
4.6794775665519e-310,4.6794837839677e-310,4.6794794252743e-310,NaN
1.7e-322,4.67948277259357e-310,8.0e-323,4.6794827729888e-310
4.67963731781567e-310,8.487983164e-314,4.67963731781567e-310,8.487983164e-314
5.054e-321,1.40051722236e-312,5.054e-321,6.854046405643e-312
NaN,NaN,NaN,NaN
4.67948277239752e-310,3.75e-322,4.6794827727928e-310,1.6e-321
8.487983164e-314,4.67963731781567e-310,8.487983164e-314,4.67963731781567e-310
7.16e-322,5.054e-321,5.729388637e-313,5.054e-321
NaN,NaN,NaN,NaN
9.3e-322,4.67948277259673e-310,1.43e-322,4.679482772992e-310
4.67963731781567e-310,8.487983164e-314,4.67963731781567e-310,8.487983164e-314
5.054e-321,3.5e-322,5.054e-321,1.26e-321
4.6794775665381e-310,NaN,NaN,NaN
4.6794827724007e-310,1.537e-321,4.67948277279594e-310,1.63e-322
8.487983164e-314,4.67963731781567e-310,8.487983164e-314,4.67963731781567e-310
8.4e-322,5.054e-321,1.324e-321,5.054e-321
NaN,NaN,NaN,4.6794837931502e-310
9.73e-322,4.6794827725999e-310,1.685e-321,4.67948277299515e-310
4.67963731781567e-310,8.487983164e-314,4.67963731781567e-310,8.487983164e-314
5.054e-321,1.846136338565e-312,5.054e-321,1.22e-321
NaN,NaN,NaN,NaN
4.67948277240385e-310,4.4e-322,4.6794827727991e-310,1.23e-321
8.487983164e-314,4.67963731781567e-310,8.487983164e-314,4.67963731781567e-310
9.93e-322,5.054e-321,1.42e-321,5.054e-321
NaN,NaN,NaN,NaN
1.0e-321,4.67948277260306e-310,1.433e-321,4.6794827729983e-310
4.67963731781567e-310,8.487983164e-314,4.67963731781567e-310,8.487983164e-314
5.054e-321,1.146e-321,5.054e-321,7.426985283e-313
NaN,NaN,4.6794815293335e-310,NaN
4.679482772407e-310,1.166e-321,4.67948277280226e-310,1.235e-321
8.487983164e-314,4.67963731781567e-310,8.487983164e-314,4.67963731781567e-310
5.580848930767e-312,5.054e-321,1.84613633908e-312,5.054e-321
NaN,NaN,NaN,4.67948336689723e-310
1.31e-321,4.6794827726062e-310,9.44e-322,4.67948277300147e-310
4.67963731781567e-310,8.487983164e-314,4.67963731781567e-310,8.487983164e-314
5.054e-321,5.53e-322,5.054e-321,1.45e-321
NaN,NaN,4.67947985804143e-310,NaN
4.67948277241017e-310,1.87e-321,4.67948277280543e-310,1.487e-321
8.487983164e-314,4.67963731781567e-310,8.487983164e-314,4.67963731781567e-310
5.092789913e-313,5.054e-321,7.0e-323,5.054e-321
NaN,NaN,NaN,NaN
1.477e-321,4.6794827726094e-310,7.4e-323,4.67948277300463e-310
4.67963731781567e-310,8.487983164e-314,4.67963731781567e-310,8.487983164e-314
5.054e-321,9.7611806405e-313,5.054e-321,2.970794108e-313
NaN,NaN,NaN,NaN
4.67948277241334e-310,2.37e-322,4.6794827728086e-310,7.4e-323
8.487983164e-314,4.67963731781567e-310,8.487983164e-314,4.67963731781567e-310
6.49330712187e-312,5.054e-321,7.42698527796e-313,5.054e-321
NaN,4.67948378395504e-310,NaN,NaN
1.334e-321,4.67948277261254e-310,9.63e-322,4.6794827730078e-310
4.67963731781567e-310,8.487983164e-314,4.67963731781567e-310,8.487983164e-314
5.054e-321,1.93e-322,5.054e-321,1.45e-321
NaN,NaN,NaN,NaN
4.6794827724165e-310,2.9e-322,4.67948277281175e-310,5.0e-324
8.487983164e-314,4.67963731781567e-310,8.487983164e-314,4.67963731781567e-310
2.185655666147e-312,5.054e-321,2.270535496857e-312,5.054e-321
NaN,NaN,NaN,NaN
1.48e-321,4.6794827726157e-310,5.34e-322,4.67948277301096e-310
4.67963731781567e-310,8.487983164e-314,4.67963731781567e-310,8.487983164e-314
5.054e-321,2.20687562303e-312,5.054e-321,3.81959242384e-313
NaN,NaN,NaN,3.81959242463e-313
4.67948277241966e-310,5.2e-322,4.6794827728149e-310,1.04e-322
8.487983164e-314,4.67963731781567e-310,8.487983164e-314,4.67963731781567e-310
2.100775833456e-312,5.054e-321,1.784e-321,5.054e-321
NaN,NaN,NaN,NaN
4.94e-322,4.67948277261887e-310,1.93e-322,4.6794827730141e-310
4.67963731781567e-310,8.487983164e-314,4.67963731781567e-310,8.487983164e-314
5.054e-321,5.0927898984e-313,5.054e-321,5.09278990854e-313
NaN,NaN,NaN,NaN
4.6794827724228e-310,1.5e-322,4.67948277281807e-310,1.03e-321
8.487983164e-314,4.67963731781567e-310,8.487983164e-314,4.67963731781567e-310
6.026468047735e-312,5.054e-321,7.448205228007e-312,5.054e-321
NaN,NaN,NaN,NaN
1.497e-321,4.67948277262203e-310,1.74e-321,4.6794827730173e-310
4.67963731781567e-310,8.487983164e-314,4.67963731781567e-310,8.487983164e-314
5.054e-321,4.15e-322,5.054e-321,1.66e-321
NaN,NaN,NaN,NaN
4.679482772426e-310,4.0e-323,4.67948277282124e-310,1.665e-321
8.487983164e-314,4.67963731781567e-310,8.487983164e-314,4.67963731781567e-310
1.3e-322,5.054e-321,3.122e-321,5.054e-321
NaN,NaN,NaN,NaN
6.47e-322,4.6794827726252e-310,1.57e-321,4.67948277302044e-310
4.67963731781567e-310,8.487983164e-314,4.67963731781567e-310,8.487983164e-314
5.054e-321,3.0e-322,5.054e-321,6.49330712129e-312
4.67948304294194e-310,NaN,4.6794827835298e-310,NaN
4.67948277242915e-310,3.4e-322,4.6794827728244e-310,1.517e-321
8.487983164e-314,4.67963731781567e-310,8.487983164e-314,4.67963731781567e-310
2.35541532807e-312,5.054e-321,5.4e-322,5.054e-321
NaN,NaN,NaN,NaN
5.53e-322,4.67948277262835e-310,5.0e-324,4.6794827730236e-310
4.67963731781567e-310,8.487983164e-314,4.67963731781567e-310,8.487983164e-314
5.054e-321,1.616e-321,5.054e-321,1.53e-322
NaN,NaN,NaN,NaN
4.6794827724323e-310,1.62e-321,4.67948277282756e-310,1.61e-321
8.487983164e-314,4.67963731781567e-310,8.487983164e-314,4.67963731781567e-310
4.24399159216e-313,5.054e-321,4.35e-322,5.054e-321
NaN,NaN,4.6794819279445e-310,NaN
1.695e-321,4.6794827726315e-310,1.9e-322,4.67948277302677e-310
4.67963731781567e-310,8.487983164e-314,4.67963731781567e-310,8.487983164e-314
5.054e-321,6.70550669998e-312,5.054e-321,6.23e-322
NaN,NaN,NaN,NaN
4.67948277243547e-310,1.57e-321,4.6794827728307e-310,1.057e-321
8.487983164e-314,8.0e-323,8.487983164e-314,4.67942511823825e-310
2.406e-321,4.6794771450661e-310,1.82491638065e-312,4.6794772401536e-310
NaN,NaN,NaN,NaN
1.34e-321,4.6794827726347e-310,4.3e-322,4.67948277302993e-310
4.67963731781567e-310,8.487983165e-314,4.67963731781567e-310,8.487983165e-314
5.054e-321,1.6975966331e-313,5.054e-321,6.365987374e-314
NaN,4.6794815807914e-310,4.6794835088087e-310,4.67947805753934e-310
4.67948277243863e-310,4.4e-323,4.6794827728339e-310,2.0e-323
8.487983164e-314,4.67963731781567e-310,8.487983164e-314,4.67963731781567e-310
3.649832761745e-312,5.054e-321,1.403e-321,5.054e-321
NaN,NaN,NaN,NaN
8.55e-322,4.67948277263784e-310,1.724e-321,4.6794827730331e-310
4.67963731781567e-310,8.487983164e-314,4.67963731781567e-310,8.487983164e-314
5.054e-321,7.21478569027e-313,5.054e-321,2.223e-321
NaN,NaN,NaN,NaN
4.6794827724418e-310,3.8e-322,4.67948277283705e-310,1.4e-322
8.487983164e-314,4.67963731781567e-310,8.487983164e-314,4.67963731781567e-310
9.0e-323,5.054e-321,5.559628972507e-312,5.054e-321
NaN,NaN,NaN,NaN
9.4e-323,4.679482772641e-310,1.83e-322,4.67948277303625e-310
4.67963731781567e-310,8.487983164e-314,4.67963731781567e-310,8.487983164e-314
5.054e-321,4.88059032046e-313,5.054e-321,9.54e-322
NaN,NaN,NaN,NaN
4.67948277244496e-310,1.3e-322,4.6794827728402e-310,5.0e-324
8.487983164e-314,4.67963731781567e-310,8.487983164e-314,4.67963731781567e-310
3.73471259303e-312,5.054e-321,9.5489810613e-313,5.054e-321
NaN,NaN,NaN,NaN
9.34e-322,4.67948277264416e-310,2.27e-322,4.6794827730394e-310
4.67963731781567e-310,8.487983164e-314,4.67963731781567e-310,8.487983164e-314
5.054e-321,1.846136338565e-312,5.054e-321,7.32088547901e-312
NaN,NaN,NaN,4.679483425027e-310
4.6794827724481e-310,5.73e-322,4.67948277284337e-310,2.3e-322
8.487983164e-314,4.67963731781567e-310,8.487983164e-314,4.67963731781567e-310
8.4879831658e-313,5.054e-321,5.0e-324,5.054e-321
NaN,NaN,NaN,NaN
2.03e-322,4.6794827726473e-310,7.0e-322,4.6794827730426e-310
4.67963731781567e-310,8.487983164e-314,4.67963731781567e-310,8.487983164e-314
5.054e-321,1.84e-321,5.054e-321,1.58e-321
NaN,NaN,NaN,NaN
4.6794827724513e-310,8.15e-322,4.67948277284653e-310,8.35e-322
8.487983164e-314,4.67963731781567e-310,8.487983164e-314,4.67963731781567e-310
1.63393675943e-312,5.054e-321,1.72e-321,5.054e-321
NaN,NaN,NaN,NaN
3.9e-322,4.6794827726505e-310,5.0e-324,4.67948277304574e-310
4.67963731781567e-310,8.487983164e-314,4.67963731781567e-310,8.487983164e-314
5.054e-321,3.8195924239e-313,5.054e-321,1.245e-321
NaN,3.81959242463e-313,4.67948338438953e-310,NaN
4.67948277245444e-310,1.6e-322,4.6794827728497e-310,6.47e-322
8.487983164e-314,4.67963731781567e-310,8.487983164e-314,4.67963731781567e-310
7.16e-322,5.054e-321,5.93e-321,5.054e-321
NaN,NaN,NaN,4.6794819162636e-310
7.2e-322,4.67948277265365e-310,5.0e-324,4.6794827730489e-310
4.67963731781567e-310,8.487983164e-314,4.67963731781567e-310,8.487983164e-314
5.054e-321,4.83815040452e-312,5.054e-321,2.08e-322
NaN,NaN,NaN,NaN
4.6794827724576e-310,1.13e-321,4.67948277285286e-310,2.465e-321
8.487983164e-314,4.67963731781567e-310,8.487983164e-314,4.67963731781567e-310
2.96e-322,5.054e-321,6.578186952373e-312,5.054e-321
NaN,NaN,NaN,NaN
3.0e-322,4.6794827726568e-310,1.537e-321,4.67948277305206e-310
4.67963731781567e-310,8.487983164e-314,4.67963731781567e-310,8.487983164e-314
5.054e-321,1.5e-323,5.054e-321,3.063e-321
NaN,NaN,NaN,4.67947738005874e-310
4.67948277246077e-310,5.0e-324,4.679482772856e-310,2.0e-322
8.487983164e-314,4.67963731781567e-310,8.487983164e-314,4.67963731781567e-310
4.5e-322,5.054e-321,3.883252297995e-312,5.054e-321
NaN,NaN,NaN,NaN
4.55e-322,4.67948277265997e-310,9.14e-322,4.67948277305523e-310
4.67963731781567e-310,8.487983164e-314,4.67963731781567e-310,8.487983164e-314
5.054e-321,7.42698527396e-313,5.054e-321,2.05833591756e-312
NaN,NaN,NaN,4.67947855512274e-310
4.67948277246393e-310,3.9e-322,4.6794827728592e-310,5.5e-322
8.487983164e-314,4.67963731781567e-310,8.487983164e-314,4.67963731781567e-310
1.188317643197e-312,5.054e-321,1.846136340126e-312,5.054e-321
4.67948267788474e-310,NaN,NaN,NaN
2.87e-322,4.67948277266313e-310,1.635e-321,4.6794827730584e-310
4.67963731781567e-310,8.487983164e-314,4.67963731781567e-310,8.487983164e-314
5.054e-321,6.3e-322,5.054e-321,6.03e-322
NaN,NaN,NaN,NaN
4.6794827724671e-310,5.0e-324,4.67948277286234e-310,5.0e-324
8.487983164e-314,4.67963731781567e-310,8.487983164e-314,4.67963731781567e-310
6.5e-322,5.054e-321,7.596744932184e-312,5.054e-321
NaN,NaN,NaN,NaN
1.76e-321,4.6794827726663e-310,8.0e-323,4.67948277306155e-310
4.67963731781567e-310,8.487983164e-314,4.67963731781567e-310,8.487983164e-314
5.054e-321,1.718816591077e-312,5.054e-321,9.7611806405e-313
NaN,NaN,NaN,NaN
4.67948277247025e-310,4.1e-322,4.6794827728655e-310,2.3e-322
8.487983164e-314,4.67963731781567e-310,8.487983164e-314,4.67963731781567e-310
1.07e-321,5.054e-321,2.503955033453e-312,5.054e-321
NaN,4.67948353210646e-310,NaN,NaN
4.15e-322,4.67948277266946e-310,3.7e-322,4.6794827730647e-310
4.67963731781567e-310,8.487983164e-314,4.67963731781567e-310,8.487983164e-314
5.054e-321,2.058335917775e-312,5.054e-321,3.649832762264e-312
4.6794826778804e-310,NaN,NaN,NaN
4.6794827724734e-310,5.43e-322,4.67948277286867e-310,6.5e-322
8.487983164e-314,4.67963731781567e-310,8.487983164e-314,4.67963731781567e-310
3.75593255013e-312,5.054e-321,2.100775833456e-312,5.054e-321
NaN,NaN,4.67947901680337e-310,NaN
1.3e-322,4.6794827726726e-310,5.0e-322,4.67948277306787e-310
4.67963731781567e-310,8.487983164e-314,4.67963731781567e-310,8.487983164e-314
5.054e-321,4.8e-322,5.054e-321,2.77e-322
NaN,NaN,NaN,4.67948191628057e-310
4.6794827724766e-310,9.6e-322,4.67948277287183e-310,1.33e-322
8.487983164e-314,4.67963731781567e-310,8.487983164e-314,4.67963731781567e-310
4.37131133115e-312,5.054e-321,1.59e-321,5.054e-321
NaN,NaN,NaN,NaN
9.4e-323,4.6794827726758e-310,5.0e-324,4.67948277307104e-310
4.67963731781567e-310,8.487983164e-314,4.6794251182372e-310,8.487983164e-314
5.054e-321,1.039777937835e-312,4.6794771450661e-310,4.583510909024e-312
NaN,NaN,NaN,NaN
4.67948277247974e-310,2.67e-322,4.679482772875e-310,1.077e-321
8.487983164e-314,4.67963731781567e-310,8.487983165e-314,4.67963731781567e-310
8.6e-322,5.054e-321,2.5463949493e-313,5.054e-321
NaN,NaN,NaN,NaN
1.97e-321,4.67948277267894e-310,1.33e-322,4.6794827730742e-310
4.67963731781567e-310,8.487983164e-314,4.67963731781567e-310,8.487983164e-314
5.054e-321,5.0e-324,5.054e-321,4.795710488693e-312
NaN,NaN,NaN,NaN
4.6794827724829e-310,1.33e-322,4.67948277287815e-310,1.12e-321
8.487983164e-314,4.67963731781567e-310,8.487983164e-314,4.67963731781567e-310
2.18565566484e-312,5.054e-321,2.29175545477e-312,5.054e-321
NaN,4.6794835321191e-310,NaN,4.67948298766983e-310
1.04e-322,4.6794827726821e-310,5.4e-322,4.67948277307736e-310
4.67963731781567e-310,8.487983164e-314,4.67963731781567e-310,8.487983164e-314
5.054e-321,1.685e-321,5.054e-321,1.718816591077e-312
NaN,NaN,4.67948152942203e-310,NaN
4.67948277248606e-310,1.69e-321,4.6794827728813e-310,4.05e-322
8.487983164e-314,4.67963731781567e-310,8.487983164e-314,4.67963731781567e-310
1.994676043606e-312,5.054e-321,2.584e-321,5.054e-321
NaN,NaN,NaN,NaN
4.74e-322,4.67948277268527e-310,5.0e-324,4.6794827730805e-310
4.67963731781567e-310,8.487983164e-314,4.67963731781567e-310,8.487983164e-314
5.054e-321,6.1537877948e-313,5.054e-321,7.42698527816e-313
NaN,NaN,NaN,NaN
4.6794827724892e-310,1.5e-322,4.6794827728845e-310,4.2e-322
8.487983164e-314,4.67963731781567e-310,8.487983164e-314,4.67963731781567e-310
4.583510908786e-312,5.054e-321,8.4e-323,5.054e-321
NaN,4.6794827715015e-310,NaN,NaN
3.06e-322,4.67948277268843e-310,7.86e-322,4.6794827730837e-310
4.67963731781567e-310,8.487983164e-314,4.67963731781567e-310,8.487983164e-314
5.054e-321,4.2439915875e-313,5.054e-321,2.20687562303e-312
NaN,NaN,4.67948152942203e-310,NaN
4.6794827724924e-310,6.23e-322,4.67948277288764e-310,5.24e-322
8.487983164e-314,4.67963731781567e-310,8.487983164e-314,4.67963731781567e-310
1.146e-321,5.054e-321,1.23e-321,5.054e-321
NaN,NaN,NaN,NaN
1.15e-321,4.6794827726916e-310,1.64e-321,4.67948277308685e-310
4.67963731781567e-310,8.487983164e-314,4.67963731781567e-310,8.487983164e-314
5.054e-321,4.2439915884e-313,5.054e-321,3.71349263505e-312
NaN,NaN,NaN,NaN
4.67948277249555e-310,1.95e-321,4.6794827728908e-310,8.7e-322
8.487983164e-314,4.67963731781567e-310,8.487983164e-314,4.67963731781567e-310
7.575524974275e-312,5.054e-321,7.5e-322,5.054e-321
NaN,NaN,NaN,NaN
1.77e-321,4.67948277269475e-310,7.56e-322,4.67948277309e-310
4.67963731781567e-310,8.487983164e-314,4.67963731781567e-310,8.487983164e-314
5.054e-321,2.503955033897e-312,5.054e-321,1.188317643197e-312
NaN,NaN,NaN,NaN
4.6794827724987e-310,5.0e-322,4.67948277289396e-310,2.8e-322
8.487983164e-314,4.67963731781567e-310,8.487983164e-314,4.67963731781567e-310
1.63393675937e-312,5.054e-321,1.549056927523e-312,5.054e-321
NaN,NaN,4.6794794218799e-310,NaN
4.64e-322,4.6794827726979e-310,3.66e-322,4.67948277309317e-310
4.67963731781567e-310,8.487983164e-314,4.67963731781567e-310,8.487983164e-314
5.054e-321,2.50395503499e-312,5.054e-321,4.434971204135e-312
4.6794832959668e-310,NaN,4.6794794218724e-310,NaN
4.67948277250187e-310,5.9e-322,4.6794827728971e-310,1.042e-321
8.487983164e-314,4.67963731781567e-310,8.487983164e-314,4.67963731781567e-310
5.0e-324,5.054e-321,1.9e-322,5.054e-321
NaN,NaN,NaN,NaN
1.85e-321,4.6794827727011e-310,3.34e-321,4.67948277309633e-310
4.67963731781567e-310,8.487983164e-314,4.67963731781567e-310,8.487983164e-314
5.054e-321,5.24e-322,5.054e-321,1.206e-321
NaN,NaN,4.6794794218724e-310,4.6794812192314e-310
4.67948277250503e-310,1.917e-321,4.6794827729003e-310,4.45e-322
8.487983164e-314,4.67963731781567e-310,8.487983164e-314,4.67963731781567e-310
1.6339367595e-312,5.054e-321,5.0e-324,5.054e-321
NaN,NaN,NaN,NaN
4.6e-322,4.67948277270424e-310,2.826e-321,4.6794827730995e-310
4.67963731781567e-310,8.487983164e-314,4.67963731781567e-310,8.487983164e-314
5.054e-321,2.67e-322,5.054e-321,1.793e-321
NaN,NaN,NaN,NaN
4.6794827725082e-310,2.7e-322,4.67948277290345e-310,1.033e-321
8.487983164e-314,4.67963731781567e-310,8.487983164e-314,4.67963731781567e-310
7.596744932184e-312,5.054e-321,4.82e-321,5.054e-321
NaN,NaN,NaN,NaN
1.774e-321,4.6794827727074e-310,1.4e-322,4.67948277310266e-310
4.67963731781567e-310,8.487983164e-314,4.67963731781567e-310,8.487983164e-314
5.054e-321,7.363325394897e-312,5.054e-321,1.2e-321
NaN,NaN,NaN,NaN
4.67948277251136e-310,1.72e-321,4.6794827729066e-310,1.66e-321
8.487983164e-314,4.67963731781567e-310,8.487983164e-314,4.67963731781567e-310
1.774e-321,5.054e-321,1.507e-321,5.054e-321
NaN,NaN,NaN,NaN
1.56e-321,4.67948277271056e-310,2.57e-322,4.6794827731058e-310
4.67963731781567e-310,8.487983164e-314,4.67963731781567e-310,8.487983164e-314
5.054e-321,7.36e-322,5.054e-321,2.5e-323
NaN,NaN,NaN,NaN
4.6794827725145e-310,2.32e-321,4.67948277290977e-310,1.665e-321
8.487983164e-314,4.67963731781567e-310,8.487983164e-314,4.67963731781567e-310
1.40051722236e-312,5.054e-321,7.8e-322,5.054e-321
NaN,NaN,NaN,NaN
3.3e-322,4.67948277271373e-310,8.7e-322,4.679482773109e-310
4.67963731781567e-310,8.487983164e-314,4.67963731781567e-310,8.487983164e-314
5.054e-321,5.0927899032e-313,5.054e-321,3.0e-323
NaN,NaN,NaN,NaN
4.6794827725177e-310,1.24e-322,4.67948277291293e-310,3.5e-323
8.487983164e-314,4.67963731781567e-310,8.487983164e-314,4.67963731781567e-310
7.32088547895e-312,5.054e-321,6.55696699567e-312,5.054e-321
NaN,NaN,NaN,NaN
1.71e-321,4.6794827727169e-310,1.59e-321,4.67948277311214e-310
4.67963731781567e-310,8.487983164e-314,4.67963731781567e-310,8.487983164e-314
5.054e-321,1.24e-322,5.054e-321,2.737e-321
NaN,NaN,NaN,NaN
4.67948277252084e-310,1.82e-321,4.6794827729161e-310,1.186e-321
8.487983164e-314,4.67963731781567e-310,8.487983164e-314,4.67963731781567e-310
1.897e-321,5.054e-321,6.1537877948e-313,5.054e-321
NaN,NaN,NaN,NaN
5.0e-324,4.67948277272005e-310,1.53e-322,4.6794827731153e-310
4.679425118239e-310,8.487983164e-314,4.67963731781567e-310,8.487983164e-314
4.67947724012275e-310,8.9123823241e-313,5.054e-321,1.24e-321
NaN,NaN,NaN,NaN
4.679482772524e-310,2.17e-322,4.67948277291926e-310,1.65e-321
8.4879831644e-314,4.67963731781567e-310,8.487983164e-314,4.67963731781567e-310
2.97079410755e-313,5.054e-321,5.0e-324,5.054e-321
NaN,NaN,NaN,NaN
2.5e-323,4.6794827727232e-310,6.9e-322,4.67948277311847e-310
4.67963731781567e-310,8.487983164e-314,4.67963731781567e-310,8.487983164e-314
5.054e-321,4.4e-323,5.054e-321,2.185655665974e-312
NaN,NaN,NaN,NaN
4.67948277252717e-310,1.9e-322,4.6794827729224e-310,1.04e-321
8.487983164e-314,4.6794251188959e-310,8.487983164e-314,4.67963731781567e-310
1.994676043606e-312,4.67947714506136e-310,5.092789913e-313,5.054e-321
NaN,NaN,NaN,4.6794839524148e-310
4.7e-322,4.67948277272638e-310,1.47e-321,4.67948277312163e-310
4.67963731781567e-310,8.487983165e-314,4.67963731781567e-310,8.487983164e-314
5.054e-321,5.94158821505e-313,5.054e-321,3.8195924246e-313
NaN,4.6794798169261e-310,NaN,NaN
4.67948277253033e-310,1.43e-322,4.6794827729256e-310,3.36e-322
8.487983164e-314,4.67963731781567e-310,8.487983164e-314,4.67963731781567e-310
7.448205226357e-312,5.054e-321,1.38e-321,5.054e-321
NaN,NaN,NaN,NaN
3.2e-322,4.67948277272954e-310,5.0e-324,4.6794827731248e-310
4.67963731781567e-310,8.487983164e-314,4.67963731781567e-310,8.487983164e-314
5.054e-321,7.4269852816e-313,5.054e-321,2.27e-322
NaN,NaN,NaN,4.6794837922992e-310
4.6794827725335e-310,1.344e-321,4.67948277292874e-310,3.16e-322
8.487983164e-314,4.67963731781567e-310,8.487983164e-314,4.67963731781567e-310
5.0927899032e-313,5.054e-321,5.0e-324,5.054e-321
NaN,4.6794833515298e-310,NaN,NaN
5.0e-322,4.6794827727327e-310,5.0e-324,4.67948277312795e-310
6.0e-323,8.487983164e-314,4.67963731781567e-310,8.487983164e-314
4.6794771450661e-310,7.86e-322,5.054e-321,1.344e-321
NaN,NaN,4.67948341451725e-310,NaN
4.67948277253665e-310,5.34e-322,4.6794827729319e-310,5.0e-324
8.487983165e-314,6.0e-323,8.487983164e-314,4.67963731781567e-310
2.5463949497e-313,4.6794771450661e-310,3.26787351885e-312,5.054e-321
4.67948329599723e-310,4.67948275653886e-310,NaN,NaN
1.0e-322,4.67948277273586e-310,7.7e-322,4.6794827731311e-310
4.67963731781567e-310,8.487983165e-314,4.67963731781567e-310,8.487983164e-314
5.054e-321,2.1219957914e-313,5.054e-321,4.24399158287e-313
NaN,NaN,NaN,NaN
4.6794827725398e-310,5.4e-323,4.67948277293507e-310,1.04e-322
8.487983164e-314,4.67963731781567e-310,8.487983164e-314,4.67963731781567e-310
2.18565566512e-312,5.054e-321,1.909796212664e-312,5.054e-321
NaN,NaN,NaN,NaN
5.14e-322,4.679482772739e-310,6.2e-322,4.6794827731343e-310
4.67963731781567e-310,8.487983164e-314,4.67963731781567e-310,8.487983164e-314
5.054e-321,6.70550669998e-312,5.054e-321,5.09278989846e-313
NaN,NaN,NaN,NaN
4.679482772543e-310,1.566e-321,4.67948277293823e-310,3.66e-322
8.487983164e-314,4.67963731781567e-310,8.487983164e-314,4.67963731781567e-310
2.97079410854e-313,5.054e-321,9.83e-322,5.054e-321
