-1.5246147554273917,0.09412082418047533,0.047646543401592106,0.07589998001220807,-0.05878874239476306,-0.3814708784076464,-1.0354288904362443,-0.8551222524919114,0.0008098805494648543,0.005472566212846516,0.3020978948829204,-1.1595079969905242,-1.1825531306499706,0.23435721894511638
-0.9525691934001298,0.08840511932797468,-0.07855493972864067,0.04068232575207936,-0.20135202021967402,-0.5636860013134548,-0.8254969618855246,-0.7077567760806746,-0.08171492382129728,0.008014059173927989,0.22505579386388766,-1.2913398673181882,-1.2008594426712398,0.21196202624565322
-1.1149259756126084,0.09667466210948045,-0.02558589596527097,0.020347163337288754,-0.12346654692919175,-0.4173582736122948,-1.0548255832483227,-0.22799226474168946,0.23911031075913533,-0.005278860131429463,0.20352291478791212,-1.2851447715751612,-1.363040255535603,0.1953205438860694
-0.9263552113743889,0.08781586406809311,0.05983497668020541,0.139814514635392,-0.27270238757850235,-0.29232999252777014,-1.452569355972776,-0.32109867162932254,0.13767072576485098,-0.004481376557709761,0.26908972474702586,-1.2866917136740617,-1.3007735877782545,0.22622227909724724
-1.1602214339669144,0.08523392000199725,0.2005011530318285,0.17545118520089206,-0.09955233702713126,-0.3729205754487588,-0.6665487744707396,-0.3150040507972437,0.12917475458789443,0.004323111642754186,0.19909652726768284,-1.1840652634651976,-1.1307496785088074,0.20431352208634015
-1.0398551732926895,0.0926481179657168,-0.0799679326827605,-0.13591046420184077,-0.23927029099175529,-0.38581818630402265,-0.40235829694955405,-1.0573576067257655,-0.21918372724649743,-0.002560230024168024,0.24907924404930282,-1.1485795380017163,-1.5570069834096631,0.22689098147568118
-1.780746070345182,0.10139590371488244,0.10561680910668873,0.2110930084595813,-0.12424738213448375,-0.20134601610543004,-1.3712223125345788,-0.5799875690238318,-0.17899114147077475,0.020165866048889192,0.29195480437704613,-1.1347978054290864,-1.2651843248324177,0.22173756057601945
-1.2405888932051585,0.09824759142457948,-0.015518207337118513,0.027216682413512827,-0.29034301097338605,-0.45547779981388864,-1.2102677936273016,-0.04935463482071207,0.0008038133957912504,0.006087389585972477,0.23406329773423293,-1.2972854681252477,-1.3432644760406607,0.21114170573719607
-1.0746802194910772,0.09527722441841097,-0.09179186663269737,0.13053790904957327,-0.17641067246807923,-0.35725519703888664,-0.9136700298803933,-0.40251830500924196,-0.43745471381043527,0.005338155810749233,0.2008220299372956,-1.3945109518091865,-1.2489921484848137,0.2074382109171742
-1.60292546319025,0.09838056438076166,0.05518843519259697,0.24255699797400163,-0.1793516233676525,-0.5727040791419685,-1.2230203338124255,-0.04783920957462859,-0.18672648238880962,-0.005427931857033645,0.2729999015594506,-1.0925445169218628,-1.335473048176123,0.21103205394600805
-1.8058286701227966,0.09949092411138673,0.2846827617101518,0.3396823081850347,-0.2317389025970784,-0.4081196390724559,-0.5526820183328589,-0.5733373699249172,-0.09842744020857841,-0.0006686313560851282,0.2611835297300126,-1.0744686877343388,-1.2445426407380706,0.2028811272112028
-1.2527372750463264,0.09448303006689165,-0.024376704223345747,0.14942650274168953,-0.22566257698833345,-0.350143371000505,-1.2929368952829503,-0.5737949244927945,-0.2590827418432683,0.0014394536280165943,0.212137633683303,-1.163013995478111,-1.4005283175879477,0.22373841242363993
-0.9700024419305908,0.08390198354822566,0.02322732709433951,-0.03013592968457167,-0.20782658329818815,-0.3860392209098898,-0.8780462658104312,-1.0229768866492719,-0.23864997911247382,-0.0025607577961612718,0.1361234062190272,-1.1369432011918643,-1.2539852980890176,0.1903266018260942
-1.3987119563860557,0.0936990009080454,0.34952190137286193,0.3939791055232613,-0.1948196965206701,-0.4506115408435629,-1.2019299477775156,-1.0012189122939554,-0.25200283067382423,-0.010651835429400788,0.23668791973941955,-1.2355641874831276,-1.3054896612337457,0.21228726136318127
-1.2615246991754516,0.09223373126365629,0.03896431520694599,0.015191531021185804,-0.11160140014365452,-0.35931440917068236,-0.8616326414900944,-0.5505556747542409,0.14206196278683383,0.005594829764213465,0.3338372954815155,-1.2903884080933241,-1.3872497272505773,0.23153648740523994
-1.3395737974428863,0.1023160637814106,-0.28601337769149576,0.00011367378287326264,-0.29360888024910187,-0.5073977686339494,-1.4174216112131521,0.0789706391399757,-0.021810919858634818,-0.0030062523184614057,0.2579931353117563,-1.1732433807169207,-1.3626733868705843,0.22711518184049026
-1.5008730388838023,0.09799794368682846,-0.06111006331129411,-0.057825800831630254,-0.11756032273516552,-0.4363562758586782,-0.29711539040315427,-0.33937795895258765,0.23771331093260578,0.018244429589280946,0.28115880332284304,-1.1104491940767738,-1.4182096727012867,0.2292032727546317
-1.252913910258689,0.10087933443132331,-0.04731286803145529,0.17262225965774844,-0.31570281127292893,-0.40933156884827065,-0.4102234249765962,-0.7064289847303786,-0.0040429325342353,0.013065856313772084,0.29104840730806447,-1.3828697077795602,-1.373383529804951,0.25582724303866955
-1.5375552058090949,0.10025554101860876,0.009119548544186357,0.041620166490150705,-0.2210362476785639,-0.5614419132325382,-1.034056657788785,-0.7982213660134378,0.30551918715649345,0.017676214100552288,0.28925516880480057,-1.2151274293137109,-1.402481342421119,0.2117083608945624
-1.602139616480213,0.09890640632706665,0.016975396755923605,0.03532845029053528,-0.12607134347504814,-0.08794659528822854,-0.6539636987459345,-0.8408114374921447,0.3830960137952943,0.004839666642920392,0.21784314297667287,-1.1121867627548832,-1.2459419564952376,0.2047531888795347
-1.3047269607875418,0.09746117552009807,-0.05826903082819692,0.02815257434537769,-0.14725841366550022,-0.614388018078691,-1.1382635594644117,-0.42280291401140085,0.17098832300498634,-0.005076299168605812,0.2593344333112918,-1.2513391672154257,-1.4716253115339217,0.21596801897745765
-0.5991604784918647,0.08234230676247699,0.1358322320431033,0.026007223535306143,-0.5429990446452083,-0.43766199384602467,-0.9736529112959204,-0.40732939125670414,0.17270207835530482,-0.005506261397652094,0.13353066139061043,-1.167492046434855,-1.3406790240972652,0.19990837624499957
-1.56558580384581,0.09825761446450149,0.15722180364871932,0.2856502050859409,-0.0991708405687232,-0.36377046262983426,-1.1736501785756654,-1.0091190050552876,0.04592690025226188,0.015755976302344744,0.1587867604667511,-1.2736729204580683,-1.3252900776690806,0.20522534269418455
-1.5081614549540128,0.09741755775302871,0.21338849905417684,0.18830205107659068,-0.12850709579192532,-0.22047430988102873,-0.5625407295368622,-0.3944319668422358,0.2773109272714874,-0.002304752042183543,0.28382352225912555,-1.2250352381667398,-1.5089397033563754,0.20242374205566024
-0.7894916352274193,0.09055879496034268,-0.042312491226907674,-0.04150821306085171,-0.4626901994336135,-0.5455878803741718,-1.212975717970119,-0.5383895212149187,0.3905298713866818,-0.01291300803904228,0.21820217164185093,-1.2607994326309555,-1.3004161342409812,0.2265938602641622
-1.33011895036401,0.09939932621336071,0.13685020566790274,0.25233026565903166,-0.32762070673952176,-0.44959887173366314,-0.5218287662349526,-1.3419454482197135,0.37863213232463355,0.006044335778415804,0.17474045183516396,-1.254070842232141,-1.3271838548549957,0.21485019539374772
-1.666835256019703,0.10126952390331571,-0.009061415658954727,0.3093237718222867,-0.1592978559577697,-0.6567221268459367,-1.5474227952531037,-0.3902175302852953,-0.004726916881255454,0.01894208798560628,0.34265539239039633,-1.2421160639240647,-1.2139284148556169,0.2706978860920952
-1.632733569029342,0.10760006782797929,-0.21976685597712364,-0.08284788789390322,-0.31759449151367275,-0.5126869567347468,-1.026095525907272,-0.7896176116547178,-0.32097728757963767,0.029571272742423795,0.3352046941520925,-1.161311593494415,-1.2346452120907478,0.21136754697161603
-1.5613519217171896,0.09954829739534264,0.053632434052590036,0.13601741417044028,-0.10098080658198563,-0.6279369085750048,-0.6972469709954161,-0.5435741203734012,-0.3166896138693477,0.013925306572497628,0.3129229382875238,-1.1680454033965397,-1.3039327419622189,0.19142082153046616
-1.1154239685029808,0.0913541843303529,0.22116172306184795,0.11077668348901622,-0.4288776766783666,-0.32756050030965744,-0.9269896130099566,-0.3324336120488071,-0.4043787665708495,-0.010339310436381368,0.26181974688398973,-1.1379638041205615,-1.3439147646836473,0.2015289843681296
-1.28734289214757,0.08912669377906782,0.31940993052208205,0.30879157426951886,-0.19944497324728197,-0.5332134970722946,-0.9963266645635773,-0.8890884076604347,0.10161755970130257,-0.005658756727740535,0.18662568572083907,-1.2411133364450901,-1.2932678942058096,0.21999188084019955
-1.1751788555406941,0.09699033213195582,-0.08408959138226886,-0.05906705249911551,-0.4490839865389552,-0.6218558902974134,-0.7008440370957328,-0.6153003565517792,-0.02997345026369147,0.010549217206784613,0.24218878115732584,-1.1911410915397456,-1.205493491632267,0.1791433638607085
-1.7387126811687783,0.09779437604872628,0.27516136929681795,0.30093691053946353,-0.10954249817344543,-0.26729135384016006,-0.7343046744958938,-0.7231463996344334,0.2568359641215404,0.003708814496799423,0.22613503482970324,-1.117551588421024,-1.3359644239210475,0.20768182520625666
-1.1755176420011062,0.09666998438423914,0.08867700546569339,-0.04582603896408951,-0.3602844717587111,-0.3164015424421501,-0.8875914208322322,-0.9134872419087372,0.15280518202750948,0.0003460988270049116,0.20381283911361858,-1.2066488509818774,-1.2520296001255922,0.20577956182305013
-1.5721041728789455,0.09962508951411216,0.005132640732094015,0.24138261787700863,-0.11737829753088083,-0.4492727522209042,-0.9808235557658249,-0.696736318620376,-0.09238358656442461,0.014036184331546572,0.19393013223164515,-1.240459328767613,-1.3204591339363647,0.22058892769852737
-0.8566720889277513,0.09088083525306395,-0.1604004559955954,-0.129030060621024,-0.14204001500305447,-0.2003012316591709,-0.7496960442312377,-0.8762798760525308,0.3917705337963571,0.012208720422242886,0.1682855947775228,-1.3305038047507964,-1.3407519770480054,0.2173224604477267
-1.6946866969346037,0.10385444938948513,-0.031105680488441305,0.14691157330550297,-0.19290943591849102,-0.33701861545974127,-0.7626755870935136,-0.46710584150097495,-0.05829041766154028,-0.006488561646371301,0.17572854855486464,-1.033966899608037,-1.320200368485578,0.2245109994601967
-1.306638551306276,0.09729042791150787,-0.018078687281755785,0.021130526884103554,-0.18885360742422086,-0.4795554334272719,-0.8780261161420608,-0.6328127899171457,0.06799573190516604,0.010065256213479246,0.19060207638017027,-1.2091366243215558,-1.3883280588070916,0.2566364392530567
-1.243010472640998,0.09087833265291569,0.18915853170698135,0.034734123724661156,-0.3638614563977173,-0.3640933445206442,-0.8249136093911783,-0.7615316460841423,-0.10204803676404302,0.017520306226888875,0.2699596868084227,-1.169924479677339,-1.3929059692023777,0.21514821705822046
-1.6016964133164904,0.0962024482229104,0.06560645340538143,0.16777212490046262,-0.1471530588504271,-0.11697227101393308,-1.0379475538968983,-0.7679327044178623,-0.11675531320692085,0.016637803937493364,0.15931243406054685,-1.0955151634403169,-1.2541711944581784,0.2046146450461918
-1.6126634020035477,0.09895728108219103,0.04912909044908926,0.07107365547619776,-0.17322091707040183,-0.26337956487133013,-0.7758399673787018,-1.2577211543018143,0.4796796292857914,0.01645627006413737,0.28801567151250435,-1.1161524311337818,-1.2741863646843348,0.23458783177363643
-1.322767380919194,0.0941719412525551,-0.0056002278366415635,0.16171024817331175,-0.18917798166301247,-0.3862567118429799,-0.4422191878124666,-0.6930295002608762,-0.08455602859355409,0.002604622073095667,0.19557012171484797,-1.2018227937509929,-1.3393661816949956,0.20572590556600867
-1.6113805377306876,0.10120795260056561,-0.024009149281998463,0.1261776469886431,-0.08604316732118084,-0.3978128092669464,-1.3061616365840545,-0.8713474080071811,0.4974623524475673,0.020691398028540534,0.24888346926579819,-1.189696576118801,-1.402863083024815,0.24226824046411938
-1.792446457095352,0.09587500358241113,0.4374668254600327,0.48642355027353,-0.11084017210034888,-0.5432649697466759,-0.52159367130347,-0.7587204667732192,-0.13500565762291444,0.0059411124576573635,0.21763729035836596,-1.1325823583632724,-1.3464539405517282,0.1711379799470228
-1.8598874862035817,0.10478586530048012,0.07672303682201059,0.2437424777677917,-0.16861215476860986,-0.4319153664112964,-0.9284434083520738,-0.7016639759217758,0.4980688852891729,0.012274400339285854,0.2452398607989388,-1.07365420125078,-1.3653377026407398,0.2169460738810381
-1.4958309543156791,0.09853550517208091,0.08026841776039832,0.31452409180373647,-0.2339232530218168,-0.18114746162685527,-1.3523537395728567,-0.4633851685543058,0.17652798532482722,-0.006337563170045099,0.20849716804427126,-1.16260747919327,-1.4020584670069567,0.21173562914009758
-1.3418983243609537,0.09383313335344418,-0.029577169069324914,0.15274988242294515,-0.05303384837532936,-0.24568517970305076,-1.1211851463227842,-0.9200857149104161,0.09145722861501598,0.006252590753805457,0.2618653556394546,-1.2643567309920087,-1.3389935640546344,0.2285236422203078
-1.6883500509376375,0.10830994736096117,-0.11418935780556189,0.0987522492006238,-0.35076541617231355,-0.6247939023308355,-1.1182651206510703,-1.052530624610602,-0.30676174467784567,0.01298875716275551,0.3141566792300492,-1.1267455312440802,-1.1993235545855763,0.21903883342809535
-1.0476527890567306,0.09726488565226281,0.0854618461658096,0.10024664872608756,-0.2993134221919906,-0.5540880576486275,-1.0990679294015502,-0.7310084923619762,-0.5706121368560254,0.005217164961481488,0.28194007392361337,-1.4116599769610283,-1.2900228954708948,0.21521951119395427
-1.745149133541661,0.09933951482115731,0.574688428702466,0.35881506400145236,-0.1733050656972972,-0.4921133925028844,-1.4299499812213956,-1.231355276371438,-0.15317958670618284,-0.001423184630644389,0.351545713960475,-1.1945912779532328,-1.2493134554918663,0.2151670183818939
-1.7042294901188937,0.10321165559659015,0.13595194056344806,0.11926010019756662,-0.18635459076498845,-0.44396245216204505,-1.0926252637690808,-0.4451304720793386,0.04607556352232572,0.025034496430944783,0.23910467774962818,-1.2014348333252658,-1.2580105076596269,0.22565288653321072
-1.8478201386126623,0.10381487397069189,0.03947667633148781,0.14310322418964974,-0.05057527473994533,-0.5781570788221319,-0.5273068686138981,-0.5735011125208375,0.05545587456773254,0.014539793304514945,0.29643269385430343,-1.1717028035920436,-1.2988917925390533,0.19846576399930332
-1.2260394973247684,0.09383184254769592,0.13763747945071755,0.07652488086314933,-0.3671328102286936,-0.5219376711757622,-1.040842047740205,-0.6129300568081604,0.236472613281271,0.0008549748440750934,0.3445966333876833,-1.217274452001873,-1.2930301100810722,0.19316916355615557
-1.5344180653657467,0.09792197405268815,0.24465662152617254,0.4124003565554255,-0.1954273172169434,-0.2668065138619714,-1.2842390472460252,-0.6152094116618079,0.17966257292691104,-0.00331834247945321,0.203105361955062,-1.2593420890893463,-1.269231385601857,0.24176011475628104
-1.1033712176597492,0.09317371234506083,0.05267655761939248,0.12010193273649651,-0.23580492510343545,-0.22996990346107188,-0.9314848966667562,-0.6115520102919826,0.10621911010332515,-0.0007641023269575012,0.17685092272869646,-1.2787756156257462,-1.2461310226127507,0.22295535144661338
-0.9013603471917703,0.09848362516060666,-0.449845596961077,-0.20970877780734365,-0.40118829031587055,-0.6179856061711558,-0.9604181673836805,-0.5491870444443643,0.12026718184235845,-0.005093476149381602,0.2663667641361757,-1.25882171553403,-1.4412069972205968,0.2006212527497097
-1.1757324051570284,0.0956357542958555,0.1552082754179976,0.1856625311996074,-0.21342180228243082,-0.5266210925125149,-0.8460758465199228,-0.36816270220533026,-0.30995808585458573,-0.005695089676726652,0.16195305545534672,-1.1956478553965137,-1.3165742916365881,0.22309166085110213
-2.3779906342991586,0.11015164714890037,0.2078909998982405,0.37801411985759864,-0.03153119542935211,-0.4796516445294193,-0.8039387520593072,-0.7973912743946094,-0.04948202067396016,0.0162120022379721,0.33059249122872264,-1.0027885979973996,-1.3285689395664393,0.21736349367866956
-1.2396654355601235,0.09807508632991303,0.03373873872169988,0.1974349311160666,-0.24040662987227,-0.5330890180827771,-0.6800133577390682,-1.1235768599274778,0.2584436246014314,0.0004333727398840548,0.252924283164132,-1.2865567181779272,-1.4214710366248218,0.20676610260068837
-1.7714250559662532,0.10101465062066817,0.11461749934230656,0.2347040448141374,-0.293195741593705,-0.3099366567509402,-0.5034891997683172,-0.8173291428706784,0.0016857757772633843,0.019769362738263473,0.14829428319948418,-1.1200793810752916,-1.1936832832049316,0.24405552151737744
-1.5419237428457426,0.09334221699342322,0.4223745375359127,0.41921938379335366,-0.06161482126588774,-0.21256234495284182,-1.3949443743890453,-0.08052494948299228,0.2453020281194297,-0.020195005863448186,0.25710120239864137,-1.2028981738392006,-1.3808439478879437,0.22123540790973062
-1.7662873731028563,0.10292081856039363,-0.011966487678547109,0.12454423115176831,0.00411287350827262,-0.21160444448516577,-0.6864988752149683,-0.38330223219877135,0.009092875557208582,0.022607912230833804,0.19899655501338584,-1.1886457558650558,-1.2822995103558805,0.20823473033591927
-1.4773250305159455,0.10523294580499805,-0.0827630318708569,0.1573441892029178,-0.32160300484557985,-0.6591422964314934,-0.6772398860054989,-0.8749762615060297,-0.10281494095446304,0.013957118630069943,0.23871310275023916,-1.2044016772764392,-1.2876701183778942,0.1865779466475236
-1.041392724209822,0.0886341058994733,-0.08391074432832948,0.05940824087656079,-0.015333439350949028,-0.790481345284699,-1.4544108196713377,-0.5687388451359225,-0.5631534226908554,0.001394940108111228,0.22884966689689448,-1.2323584802407619,-1.2980703525112796,0.18906620124904278
-1.5796320150421466,0.1035591345383115,0.1797488916424031,0.24148209071273097,-0.1576270614700436,-0.7069578187853279,-0.5874721975094007,-0.5748826681009106,-0.12012083626677798,0.006963678592041982,0.280073071488872,-1.3406456026189966,-1.4070000873582362,0.24008713727064934
-1.5497553683184542,0.1024988835557122,0.16277963244152113,0.11937521621769825,-0.2253979924172397,-0.2946023309508612,-0.6507362401401428,0.17752892824704467,-0.3335407975279482,0.02586782596047857,0.22698864972090618,-1.294832861408038,-1.3871342476635138,0.20907072888508205
-1.5206622724816652,0.10217374563679033,-0.05783226945902019,-0.025897036724270066,-0.21894180311401906,-0.5360188902935219,-1.0508549352786418,-0.7078765263329613,-0.050880058296376623,0.0017123244260254448,0.21851711570994864,-1.1106450832514432,-1.341321281478111,0.2177702316636409
-1.1490227654987666,0.09406670460169943,0.05369645268563167,0.02822509480986338,-0.21405210470402863,-0.5355913364339294,-0.8831386498317012,-0.8715894794621941,0.24794674427315794,-0.005521575884882454,0.20090020555998583,-1.1828922749352697,-1.3843691290850961,0.18583040443184712
-1.4032618208146705,0.10042247421141212,0.03341358096632282,0.1642817784716337,-0.22068902440089827,-0.5782235857048561,-0.9945038523036005,-0.04642726489447926,-0.40065469398696657,0.010378522219986055,0.2116160028316521,-1.2322409507033616,-1.376497226518354,0.20432258373483173
-1.34737565571645,0.09729462685642733,0.09879588058506088,-0.00802183991969706,-0.29705880636822757,-0.4414688605788908,-0.9937388007186211,-0.7801856410803495,-0.017820018110771947,-0.003314610900212243,0.2833404972177818,-1.1886934605776798,-1.2209648662035928,0.2235263779040939
-1.4109783516805179,0.09793649907859196,0.17646740034442243,0.13928463176846045,-0.08753600028038577,-0.7780498923787681,-0.9256627798564433,-0.3187508024695462,-0.21648919357183566,-0.0008744250220455203,0.2222615798724179,-1.2683335169272767,-1.3538832321092924,0.2173694123439631
-1.070041661673406,0.09232216130070754,-0.20197146385968184,-0.06087686080635018,-0.21529650758695887,-0.41975464182613687,-1.1457780963106798,-1.1458452717274206,-0.0637862664973243,0.014311064042791758,0.2492782853905795,-1.3044737603044954,-1.2353782316414905,0.2246281742798194
-1.7773905116729658,0.10061837095658421,0.2447972290935831,0.29357489748301996,-0.1749034855728059,-0.06426112938061361,-0.8218792100488664,-0.8750299311432064,0.1330139751295366,0.009658582325023524,0.23780449115938274,-1.155279636416595,-1.3588754354944748,0.22173275702079134
-1.1538072876311318,0.0983784975794681,0.08083616767682165,0.25277159235920726,-0.27834542161955617,-0.6134066750850424,-0.7442124203309921,-0.6195743844911995,0.24196231547420446,-0.0029722373784643323,0.17230355696667904,-1.3194275083000417,-1.3735861245271561,0.2363397060791836
-1.7298015175190609,0.10136982943678645,-0.07944064112569649,0.0745207998445857,-0.24682936014144424,-0.30245499473131326,-0.68425724767618,-0.5285521057782032,-0.36457998269545416,0.03145935281251625,0.24974984552083632,-1.1652056169755727,-1.077554541023184,0.2192414034614954
-1.208197440195381,0.09535419279698532,0.16182537537892652,0.06547151904739658,-0.35262205443207595,-0.2575447448455643,-1.237549090341063,-0.7387297881165209,0.234404304620104,0.006965792022964368,0.26825456970513284,-1.273499502119392,-1.3059596768816828,0.2282702356209364
-1.6347429562144526,0.10664384590792661,0.17873273921837754,0.21374528243533067,-0.3615857539443586,-0.486386483313335,-1.012422023724558,-0.869460373404169,0.004566656936991622,0.0016668022475778924,0.3542775640379203,-1.2276835862902895,-1.4103091760184858,0.28102246181598456
-1.2027433141648123,0.09482557194779441,-0.049087264034500325,-0.15548360085052834,-0.2424778159190319,-0.5337554805023287,-0.9003919081239838,-0.9781883725122804,0.3090256720548577,0.0022112065930164682,0.32138723385724066,-1.1939869346542302,-1.2249778542785559,0.20622998496801054
-1.2400556624868786,0.0959955572696286,0.0907839650122686,0.2608888456829071,-0.3121241500396844,-0.32895930613270463,-1.0703162609921921,-0.9310027624815979,0.6052585939595936,0.008819852852291477,0.33543210434355913,-1.3023907731722701,-1.4642880217621723,0.24589899537416815
-1.5841768225256494,0.0983948955017318,0.09930311730431243,0.3447337643256591,-0.17855712035831864,-0.021776016717781906,-0.6570103126013273,-0.2985615236280336,0.36434340113102154,0.01503625661918236,0.25685434984070293,-1.1994406236894213,-1.1919319258474261,0.23655774826590997
-1.6440520562025744,0.09889343920383101,0.23281966472800636,0.2614016339373476,-0.08867344006514777,-0.4659002009647734,-1.6322775951306598,-0.9189676506040098,-0.053698013288029124,-0.006426404245550971,0.2655727524043796,-1.1941429507158359,-1.4121327004782012,0.20729730335729088
-1.8783624709896454,0.10782731116511911,0.19382541267863398,0.18023113736535223,-0.18282246983525768,-0.4712677157918192,-1.0006003568512276,-1.030330994881965,0.1450877723483161,-0.0028680842169226716,0.2767043359048836,-1.1573689774808362,-1.2851520069265554,0.2184186180496572
-1.335373800809794,0.09659484575215989,0.03944537720820371,0.2410893410257482,-0.28304292663941805,-0.1969892996570345,-0.5277862428540779,-0.8750893493978037,-0.02307898089260655,0.0007174734493267901,0.22464169251598334,-1.2302648435032655,-1.3427794944241171,0.19316900768083803
-1.236003253669596,0.09819220775105583,-0.31872771811019524,-0.05556239327982886,-0.22997546130779198,-0.61795467922725,-0.7792452206816148,-0.07872483531919659,0.07632154611888382,0.008937105755084138,0.21142155956604028,-1.240369900032611,-1.2335356782852793,0.22416955450507003
-0.7073684555698996,0.09209982647082522,-0.3978732994170482,-0.3112601657941625,-0.5173757673671395,-0.4043933525679611,-0.879639977951361,0.0008622813647727123,0.22093831942554767,-0.012825967325946663,0.26308795239261984,-1.1822922966318004,-1.2601909105596645,0.20155022983900012
-1.5052598768709315,0.10088608881731227,0.2224430041101154,0.16134555509287127,-0.14295688486957786,-0.16954984273651974,-0.9336103073496644,-0.8770318616732206,0.02419897928311254,0.007106912398258083,0.221676454157654,-1.3086004275571883,-1.2080612883693786,0.20648689808590043
-0.8556787372846361,0.08310788722734391,0.12627883006077634,0.1808591737774812,-0.3342569476097716,-0.48856914654849715,-1.3975887737162522,-1.0342028000007553,0.3013627628416119,-0.0003593851328463658,0.3150374405522897,-1.3177167525414921,-1.242061783843366,0.20288865794678165
-1.0158761872167879,0.09158616922874702,-0.07453691700066581,0.044012280972357605,-0.31835737975881406,-0.8432134758568184,-1.0604956007093067,-0.7130220057281501,0.03413432418355294,0.016686029123232138,0.2753272834274529,-1.413913064737578,-1.2124542222855579,0.2285419831824275
-1.1713479019719348,0.08866664188513002,0.16419923734672526,0.041670614155750234,-0.154144047782809,-0.6283836447942318,-0.5617942676805162,-0.6290661366532434,0.3617780018613831,0.011096047664132986,0.24703859962143487,-1.2368324469055445,-1.1719152521449752,0.22055511534882294
-1.1299351583815014,0.09693478324628796,-0.08237098202562151,0.09589669209651899,-0.48343790597685066,-0.37366480999008767,-0.8030837934269897,-0.28635018073708973,-0.29285300010274423,0.012890397732981519,0.23156098818464416,-1.3204735974723218,-1.2993257769135407,0.2191437078806344
-1.629331460550048,0.09373967714709948,0.09471588702671786,0.2396880258408889,-0.06585647931551834,-0.40339471993117976,-0.4723180518327987,-0.32074102341737576,0.011186409526560108,0.011843227929388623,0.24196466527346805,-1.1439379045209395,-1.2285120648881853,0.25436992522112684
-1.3578832583033575,0.09591428534321467,0.19171607845094232,0.20560889528124482,-0.3147733910313288,-0.6111592254303797,-1.1645343701403195,-1.5464536787857095,0.037533581802474944,-0.004638920701059919,0.30961708438395147,-1.2276832902987869,-1.2775726888467145,0.23070462610386158
-0.9161318654709233,0.08774723810552901,-0.09675669463817935,-0.1011841614182738,-0.1926526343180214,-0.29946408524836077,-0.9644685580900418,-0.5098476350408236,-0.08598727187534377,0.010723508565968716,0.2445076209761138,-1.3058352301993015,-1.301269772667077,0.23161933186810657
-1.6153300008187246,0.10973417500613727,-0.24086109680533213,-0.17776315962883119,-0.2642768799118893,-0.44461886256895206,-0.6604597889101109,-0.7537298187966088,-0.03559785877579139,0.03207042133265199,0.18224767597484323,-1.176242023358563,-1.2498693533257557,0.20478781288312362
-1.6884442746279678,0.1015642415639002,0.2835585768773694,0.33238491432562406,-0.054153488453049126,-0.6071776284497991,-1.4889521229487304,-0.6689019991740254,-0.44280716379228935,-0.010149092243116931,0.2173078264447484,-1.1696273267274568,-1.3674375020060303,0.199692184803966
-1.2240493887691892,0.09567998157976713,0.10793331774618235,0.13545904674685771,-0.28601283941044287,-0.41719086814735484,-0.7777887187021417,-0.34745243889015887,0.37495726391052075,-0.0025065657269881846,0.2637543621702668,-1.2437819230459295,-1.4377067544937974,0.21349447833880428
-1.3894240840201169,0.0984664083004249,0.11087096262372936,0.14220343304692304,-0.15554001134597717,-0.4794737120784726,-0.6510317785555342,-0.6481629488452368,0.04486973432972112,0.01212366297381652,0.19240455256686118,-1.2656966951248567,-1.3752421183983101,0.2088752364768511
-1.4616292169454208,0.10382290898460445,0.00527050476538453,0.11693810485256738,-0.16183986733783295,-0.5573194832269849,-0.6676043474628646,-1.1297710447708917,-0.3245547271343116,-0.00811573562646896,0.18796823523550976,-1.238924323320388,-1.389573838298578,0.20914682751802624
-1.4161040486829832,0.09770818843141998,0.0991383425147065,0.18282443484046224,-0.18025076232225976,-0.49469243958165043,-0.8319674123658998,-0.9010634625494559,-0.15164010921974955,-0.018490939759512715,0.25107796600723015,-1.1510550616954298,-1.24353690172257,0.21133776143173577
-1.5159993535191711,0.09439472098939845,-0.0020225668130239055,0.26367268673658206,-0.10306466995104561,-0.3122468124386597,-1.1740068723508679,-0.9265663060194038,-0.16562701161759888,0.02473597176269852,0.27272292111282387,-1.222197040021285,-1.3474715394289993,0.19956584043537584
-0.9807011430816673,0.09165025441329626,-0.13069625193402198,-0.027780985661765907,-0.3562486941411027,-0.0412689431891635,-1.2757339819045264,-0.6777296906813353,-0.017806752781409366,-0.00014048060505561426,0.2223847914106363,-1.183194873748939,-1.3117368823720263,0.2470314650748528
-1.3190867002978586,0.08644742925318986,0.33288793945864925,0.2866637113247307,-0.24764927733271408,-0.6238332245156764,-0.5852007064843986,-0.505959683910954,0.00513522335327274,0.006052835447926334,0.2685194459343149,-1.1367058251482114,-1.2792453913548012,0.22356347576343963
-0.964485044934296,0.09039513448644479,0.017207345358453946,0.08734967851924436,-0.32601764373641656,-0.6264777417739238,-0.841034075693154,-0.4743901287532431,-0.23557821539972396,-0.004789332030590164,0.1686243433233948,-1.2252788817755031,-1.2663606180561655,0.22279065364302278
-1.384692908526999,0.09867417134899259,0.08018800744221874,0.3353114812307275,-0.28298261702613403,-0.2223939703756725,-0.9610431637373494,-0.7123820382115649,0.006833322854247437,0.004353624873912256,0.1364442933274739,-1.2245951121654,-1.5066092514484477,0.2391744913322633
-0.9699890759529377,0.08966991325593342,-0.14713433678418367,-0.030040296296804117,-0.3174642360269314,-0.34628191819948145,-0.16027902108159722,-0.6343310212630623,-0.07192222146639368,0.0037505110144077894,0.20318357444503582,-1.1987347670781805,-1.3216680679145918,0.2513969585548842
-1.6235644279880765,0.09801697285938933,0.173095526331897,0.27530897785243486,-0.30038178071546534,-0.4073892675953359,-0.6375619547134399,-0.7397415770456566,-0.12383098946062578,0.012218835608164688,0.2869719978162566,-1.2015471652423153,-1.2127152894699793,0.24374793309745169
-1.0678286869028073,0.09336607536007509,0.1883722333788892,0.10191139990411184,-0.29750752287418336,-0.29650227187079736,-1.2259038246297975,-0.5001011995722092,0.13642301897441336,-0.013620804342067118,0.21995803149582185,-1.208577159271343,-1.3557037401507244,0.19470544757296554
-1.6435018225302536,0.09868802401079724,0.21338858086131685,0.42368525113566213,-0.0924673370991088,-0.32222227626919336,-1.151083990842598,-0.6282660100306775,0.27999624798514067,0.00994573093371414,0.21478463720733015,-1.2838318287802815,-1.42043725523507,0.2174465153450775
-1.124880876090325,0.08895169315537002,0.06571440957193386,0.18819004821138496,-0.12076928508259753,-0.20286177354566462,-0.7921747840966595,-0.5584537727371167,-0.18078181082017986,-0.015571889543729686,0.12921591603473273,-1.17501876381699,-1.4185031217969495,0.2621653303163481
-0.9537509159277228,0.08767316237722869,-0.03697993271852691,0.04836329766682735,-0.2377945331382031,-0.5010102139883441,-1.0679089614666026,-0.6390220148938913,0.062486537101687785,-0.0013908417843113566,0.2948902269170853,-1.3034936182418955,-1.1562378337815347,0.24017065330313053
-1.3915972034894324,0.0995424468477056,-0.16042099742312582,-0.14885703314123938,-0.12030136333953845,-0.41102537273345396,-0.8456659185881078,-1.0355830867464009,-0.020990566999283727,-0.006081392151571974,0.20681581600816532,-1.0870272674431647,-1.3663210796789882,0.22787670028810011
-1.295208740756203,0.09238758762831151,0.16563277163898954,0.2738885250828854,-0.2324409100875001,-0.44483194040327995,-0.4809732636770676,-0.515911695033091,-0.13805259000738115,-0.008378029496052446,0.21205221306398953,-1.1658014352817103,-1.3299679027638371,0.21482373007590794
-1.1283469724643598,0.09061066508887584,0.2110434624506376,0.22536416323623876,-0.33817044545328095,-0.3319453447924394,-1.3664811522790143,-0.7682548698064693,-0.17052475425678024,0.004615933707096094,0.15055267373512202,-1.2460185667947399,-1.3470582942532665,0.24578688704072607
-1.4094237706121364,0.1013641446322481,-0.14951429344374956,-0.012021621323963113,-0.33461868057243,-0.2312284133530005,-1.1838760945326203,-0.8185370520300265,0.11090192448399067,0.010399943516500169,0.2277943919540038,-1.1569713669463462,-1.346268829088264,0.23560078510797627
-1.2149396955937084,0.09527948135054433,0.08303652734092758,0.3888926332535847,-0.4093108995656156,-0.4586887200998975,-0.9954835877290846,-1.1785284854346467,-0.17742042258527288,-0.0109534787294661,0.14990793603265068,-1.1529165371380734,-1.4551726016810924,0.20009723559575723
-0.826523872739186,0.09344302705087379,-0.21404209705369898,-0.0006682595954541019,-0.31655965170382727,-0.3553132073941256,-0.7873457425927275,-0.6010753565588753,0.4338650750951307,-0.0185381978386012,0.15483995033070885,-1.2766034835708961,-1.361157099487542,0.20630563113372732
-1.434910857778558,0.09599215953629603,0.07346130481044047,0.16524756932295884,-0.16105391300573554,-0.5008306955609079,-0.9491336302477487,-0.552835306786528,0.49616605039548217,0.005766894857766588,0.27813889544335424,-1.1418619413303623,-1.5206560094586317,0.2520704675040907
-1.4049160055588261,0.09111943888024372,0.40754532675065835,0.30497568060020425,-0.1826828746555292,-0.5857780621464597,-0.6110357291685662,-0.5580549246504208,-0.27840221783481695,-0.012352392348932175,0.2388373000648729,-1.245639474825281,-1.0866257604161844,0.19796080399461924
-1.3899632531965367,0.1044343745952639,-0.15250410047177235,0.04309561851905927,-0.24282482773610597,-0.4918913729078787,-0.8339800560351327,-0.4957624291051522,-0.26003988160018704,0.01644622467985392,0.14027883550591122,-1.2489895253984398,-1.408585046113593,0.2339487146925634
-0.9863803140002344,0.09134262044626441,0.14051935541443591,0.003514548144456237,-0.5051203205089988,-0.3618414248887002,-0.7681486395061183,-0.7967132223619181,0.23175621332692573,0.0012340765148714157,0.19769966761984478,-1.176508076208149,-1.3130856303409755,0.22194120779021836
-1.0335664512201361,0.09407836215617552,0.011959837413968298,0.030334260255592754,-0.3553419330733493,-0.44749814799010285,-0.7305911600316423,-0.685672096908926,0.44521581141444905,-0.0009184066968645418,0.3253794071055617,-1.3088288674275024,-1.3407246812965796,0.21672556064513804
-1.2566529189437479,0.09875166763766284,-0.18415546818883965,-0.16263463620805954,-0.4078230395190765,-0.40538770327600154,-0.6067761963605985,-0.2257655941904389,0.018548430372584062,0.010937698901490666,0.1697790956338318,-1.1305608211803195,-1.3148168609478847,0.2185302959136421
-1.5971585912274835,0.09679247605526645,0.11236588940983713,0.19162103463841354,-0.27230135553054896,-0.6129252535663846,-1.4081008520695635,-0.19563420248680857,-0.22481378036524613,0.009539033944520142,0.2854547917608939,-1.0810930820827565,-1.1753357059261815,0.22467940512739254
-1.2947831649717672,0.09875566357037807,-0.11712051843231117,-0.05879023830806728,-0.22751719915383156,-0.3220502913463573,-0.7737999665640465,-0.024818462532910045,-0.3132713164560612,0.019477530979617803,0.2624263356584775,-1.2252590152585525,-1.247445291016984,0.20577568839746263
-1.5024039980074764,0.10532388890229495,0.016411672057894545,0.16267501124936173,-0.3282062590776344,-0.29088304144778476,-1.3755544974543177,-0.5516947113432509,0.052887217977657754,-0.015145360419603652,0.2581516246110713,-1.2368790211068978,-1.3072853348170879,0.2553713952923162
-1.750980747868976,0.09752842334566986,0.18182904734991936,0.4254902900139125,-0.13776942708518886,-0.6006924052386495,-0.6870827355154301,-0.6939089305876514,0.54627410142072,0.0011832655863202545,0.2945934338139751,-1.1834588516367632,-1.3436957358528092,0.22081265895535002
-1.4127111654540105,0.10087082062281884,0.1078194496944198,0.04666995585433335,-0.34444641468742093,-0.420474793701487,-1.2643966796344817,-0.18524081636519732,0.01450111868111606,-0.0065741850390577,0.22739447473141455,-1.1154560204182704,-1.4657970760356245,0.2521898377773744
-1.1681079471069626,0.09171314043881443,-0.05672254693011391,0.2653538876334416,-0.32857345154616974,-0.23759588352118277,-1.1073240626039031,-0.6610047480233686,0.24116988600471356,-0.009656424859201526,0.28347074697153113,-1.252742866991687,-1.3887675639456387,0.23111302926592747
-1.3902185003134209,0.09608405487734692,0.002271201377142601,0.2784542924210274,-0.2170395869161174,-0.5356041146571697,-0.7196769870662615,-0.5731343661271004,0.16719606578967075,0.00736804919854941,0.327207762934534,-1.3269017994345944,-1.255400767029299,0.2286761907517695
-1.1542740533654654,0.09276995135593202,0.07736977417412405,0.28368489493420557,-0.16966039115261866,-0.6471825623044095,-0.9628443187896428,-1.0177187833461863,0.24113621537488125,-0.005400182184104945,0.2708558789383057,-1.2742601326629706,-1.2864041279200806,0.21709074322548322
-1.03077143316935,0.09007113242484129,-0.07784593467824791,0.13281037661434406,-0.3568376329857752,-0.4552694519672778,-0.9456183563760053,-0.3551564967816014,0.046200591220101075,-0.00021805604526741227,0.2479984601557038,-1.1536020262348918,-1.3269567636471578,0.18916769816548934
-1.2452693543738536,0.0934981754757526,0.2316700024271203,0.15609661711177036,-0.16501251601864042,-0.34329538166453466,-0.41190324210165646,-0.7577958924393505,0.32415243501257596,0.015952840473734044,0.27252912456160133,-1.3557237233173136,-1.2434765778903996,0.2373549841110398
-0.8760974917588175,0.0952114697541621,-0.0014477273458854906,-0.07387590706112801,-0.22804780178745926,-0.46401761878000247,-1.0229542937380405,-1.2990311305974904,-0.13793946632878526,-0.010501283979704408,0.10596079820132627,-1.2507613543323648,-1.5467517046480457,0.2143227608081983
-1.0071340723299118,0.09541731440761465,0.04199510252869901,0.06374100420288362,-0.4189521378730389,-0.3469506062343093,-1.2382350346468909,-0.8687025854455951,-0.2369942403455343,-0.009034538966241368,0.25604267893933624,-1.3334345216127264,-1.3073218614737285,0.20167936574740875
-1.6986555056049473,0.10314435796848606,0.33744788338113446,0.37025324379573665,-0.24411170488546283,-0.6438251217215152,-0.5346788843614787,-0.816253526677508,0.03152359455214481,0.0048439315490910505,0.26769201565038075,-1.275281526104644,-1.3385711723922653,0.2029600586299467
-1.379627275608806,0.09974302271880484,-0.06063452391368711,0.01943452452037294,-0.2959161562092087,-0.381713790891303,-0.9550897872769079,-0.2406916923464302,-0.24505251200315042,-0.003896732334073221,0.28249047674799377,-1.13477041942848,-1.4409432457640436,0.23272444433495038
-1.2191341349623044,0.09360816739494628,0.08060683167615629,0.09694682158997334,-0.25025956199469696,-0.5090028254405067,-0.8898220342840434,-1.3758596464689097,-0.3327828750734282,0.014033665683284067,0.2920729704115017,-1.2805254339049534,-1.3210364054374917,0.20701774391319486
-1.4795698487700288,0.10267232316652251,-0.096800510917909,-0.10529248540650403,-0.3490511016580125,-0.581252153942386,-0.6619287152403619,-0.3263866675813405,-0.2819565933693555,0.02067901990105236,0.22134618140961151,-1.1578108618448395,-1.2633592291443536,0.19178278566678522
-0.859849127447066,0.0916699805747972,-0.03948310435709023,-0.04856768999910102,-0.3837533102911359,-0.5591690357862467,-0.9239439332316414,-0.8772722976512022,0.38125096890337135,0.002625272630160846,0.23334162247943646,-1.233404223253222,-1.4332607910098258,0.1914822810315102
-1.258374447548872,0.09834540005799132,-0.10585105335081764,0.05983362212627396,-0.38289324559928073,-0.6014586577402035,-1.0575655700938789,-1.1165490506110414,-0.007406357412575354,0.011833849821498143,0.2819585332366134,-1.1886341132686553,-1.3496663638950828,0.21057625910262842
-1.021499820557225,0.09038897313807803,-0.11018895132881258,0.08548277301980209,-0.3529233286625791,-0.5357433733422683,-1.4026099650679844,-0.5161539722837706,-0.4497159272369302,0.004306059328033768,0.3584038388287121,-1.2814277842548065,-1.1286088233049247,0.23612551212068356
-1.407161413661178,0.09719118659259221,0.18880695461110455,0.2535203359007879,-0.20176164034229155,-0.5306717763495656,-0.5326378739351141,-0.4779380464358628,0.01760550803906964,-0.004394271668675412,0.2221696882806479,-1.2132214843693867,-1.2984064862065523,0.23546910158884266
-1.3434505637844765,0.09583593331229467,0.24956775793229918,0.11708011265400432,-0.3368252256820185,-0.4821773712897306,-1.2809961629443027,-0.7997341091407367,0.099178021530527,-0.01146631245731776,0.24226867092094875,-1.1935218629014428,-1.2799917506384608,0.25106958028399173
-1.7911508599821158,0.10169022271074897,-0.02141502393338676,0.12079560714916818,-0.09021309277920062,-0.3572728289279262,-0.9936977304046074,-0.6685672889457945,0.3193170347192558,0.01791442589971882,0.25514519206730574,-1.1393647627595713,-1.402411644148085,0.2168286738347424
-1.2735903076651938,0.09971932411010306,0.13921585424946228,0.24250749298187335,-0.3811200244552493,-0.4326670568735126,-0.7659936629094788,-1.4065672593078942,-0.251635166012983,-0.003550853068060285,0.3038819012293406,-1.3477854339545114,-1.3507372557299915,0.23494905560640855
-1.7625846507767269,0.1024798718146415,0.1391787880405636,0.2141846701641587,-0.20413836360917867,-0.5015457843044335,-0.5844055958502384,-0.45575289355439663,-0.28189070222317536,0.008096034599358301,0.26873075037956073,-1.1150631051577016,-1.4141692592663446,0.20611553154393442
-1.9416353231211294,0.10660415478041459,0.1648906362026518,0.23435906950942947,-0.20872919919756036,-0.5557472886234953,-1.3012546697240328,-0.7920871284550918,-0.36356653355013263,0.010881467077141525,0.25200639021942256,-1.0463046809498922,-1.2637558162082625,0.20640293788545624
-0.9983679058277019,0.08891504088371067,0.1840697420770188,0.16317692994181052,-0.1897182041944307,-0.6768770150292135,-0.7665997736906959,0.17478116576532762,0.057785620861359126,0.0052866596303004125,0.1436285463983768,-1.36814443201393,-1.2257367659741925,0.22793148280160352
-1.1305506725686887,0.09358499633125182,0.099984876468109,0.18030196753542915,-0.26984703645063096,-0.6002409045810901,-0.7641480827574667,-0.3140851605610391,-0.19433895599730755,0.009252431194146081,0.2123808419279283,-1.3425765640614387,-1.218320193278983,0.2194342783218356
-1.1710463102072821,0.10034063886948465,0.16019859457474442,0.16797543619169591,-0.5132373147901459,-0.33090049159920343,-1.4208804165256477,-0.49674494866198055,0.2932612824919501,0.008668761813944931,0.18340774424937606,-1.2974349377249383,-1.3447362374152618,0.19737607335672888
-0.9336248683526247,0.09179374589166908,0.002015021871373133,-0.08888200771117168,-0.46719040391682437,-0.5656508098514943,-1.5350751048099953,-0.28316867197868933,-0.20689006558949688,-0.004465397746001663,0.24110685288044717,-1.2016251917030323,-1.3295469846953625,0.22953719999742012
-1.166304825993334,0.09137010900633025,0.043013353293057305,0.0033371325825528302,-0.34270149388455634,-0.36313877545400425,-0.9736369465604372,-0.39731458290022126,-0.08295187134134996,0.0058104364242581,0.2654595961731886,-1.1563510121908442,-1.3792063316473757,0.21217033652207842
-1.2766486908914043,0.10080603831409535,-0.005958785840779695,0.021592602278147494,-0.4216273117866782,-0.5305164652274009,-0.7714234641500965,-0.5209426428019419,0.0056556499742508,0.014064490378821994,0.21271684427060783,-1.2211319323161047,-1.3222899744248882,0.26598540940230964
-1.5429715277476295,0.09843879734299175,0.18604865708380305,0.25525264947249526,-0.28265121962614415,-0.5920123288238932,-1.032316253890181,-0.8221097108050617,-0.10233128509093406,0.005656553445396343,0.32892884803364425,-1.187545014956338,-1.3361518072159217,0.20104133736071975
-1.238793222408313,0.09470878655339764,0.06128277919868528,0.06694248482589929,-0.37318190638012577,-0.5406047371270241,-0.7626166819492278,-0.6357876102598589,-0.1746524467375203,-0.001431708486360724,0.2255897386264945,-1.1554293899760204,-1.3636574803897321,0.22626558114170292
-1.5555985963280337,0.09784351970148558,0.0058185175567271,0.21699277941227163,-0.19674041467845194,-0.0987633487323421,-0.6449490847067422,-0.6754577751220295,0.2282917194922102,0.006442775919639866,0.2843788645557,-1.176655875664366,-1.357317842111319,0.2064716640518604
-1.2602790708556018,0.09288317870788451,0.016181669118042138,0.062122285731142174,-0.02504692136566846,-0.455231192471501,-0.39610006649943824,-1.2165479885730492,0.03312982788139411,0.014146336106048943,0.1791162669806508,-1.311971500068546,-1.3695167673270345,0.21567001148923165
-1.8069956563488356,0.10782393879630563,0.15896574114324336,0.11813294025312855,-0.23054133473044547,-0.5187477365027239,-0.8644727895722337,-0.7422223047509162,-0.11789617695259935,0.025434605352285068,0.1744994777373069,-1.0974991241526033,-1.4195047642636185,0.2232116795418355
-1.0406792877610886,0.0972886731879372,-0.15799930594598943,-0.1669873653667827,-0.30959390290854294,-0.532671353052333,-0.5048194405900299,0.03350122564276454,-0.2656265776782404,-0.008311606865226417,0.26068667273007295,-1.261319820078187,-1.3520211784796448,0.22636599015013326
-1.7156944099203422,0.10222802546675396,-0.17816364307829832,-0.059279733984480186,-0.12820505724991532,-0.40577799473943843,-1.1401811225366936,-0.8401184058617114,-0.03418304201015361,0.02785045580869402,0.23370108490582983,-1.0652584528094187,-1.2580677035483678,0.2119641722622995
-1.1061994706086975,0.0890338840516822,0.19040098213278375,0.2628713591606881,-0.393169099902936,-0.3100007221970435,-0.2883662577045748,-0.6908248648165025,0.38583613889927315,0.00572784650769079,0.15792622486899877,-1.1956658899906416,-1.300736322095828,0.2216792351304906
-1.6022518276476743,0.10158131862516237,-0.001089140532649459,0.1635752316849104,-0.25801485076502273,-0.6509325229009905,-1.4631561282363688,-0.3247037651966582,0.43430861106036067,0.01759239425201349,0.2434648855144778,-1.1561993397740493,-1.2776665172441615,0.21703737637038134
-1.4005094106025524,0.1025290807956992,-0.14080658801744955,0.10409748572983742,-0.3801946514163926,-0.6175369567599649,-0.7393977347896601,-0.6880348718795457,0.3708589466793697,0.010971266909167986,0.2186023767225573,-1.2105756955986315,-1.2122283725714655,0.21379761270031433
-1.4303729251083799,0.09910248533196771,-0.037412436332130934,0.08380897471152661,-0.11974619308101464,-0.5844814456536497,-0.6340752119843559,-0.3751645499960267,0.17954363425022044,0.01776037949165429,0.2792102229428144,-1.2761918002934052,-1.2962137276885521,0.22621523217867415
-1.1884304267097645,0.0940532155990619,-0.0010249614892732187,0.09023187857579526,-0.20684280128276383,-0.3689360377563482,-0.6596505346840239,-0.35161950582420587,0.19401969427997848,0.014681922605376664,0.15630314348313187,-1.2860599600077585,-1.306901998687583,0.2072214019160242
-0.9344894241942803,0.08616472029974243,0.2329095587197469,0.20351534398264443,-0.34866397150594824,-0.2538497207489512,-1.0648596063097802,-0.7534634983723185,-0.6587268284837062,0.009032239657407792,0.1568566948816604,-1.3700861788839573,-1.304579342465756,0.19965243767328247
-1.8252155906810401,0.10041168698564702,0.020638318633512807,0.23706922779519748,-0.12635497032290266,-0.3622632444788785,-1.1142497308179662,-0.49596966343344817,-0.4821066442825621,0.012956507469889897,0.26782062254153993,-1.0421454883517323,-1.4588733204914632,0.2159893189284749
-1.7528565682542556,0.10920739003015267,-0.13444753692885578,0.0656169283584182,-0.15147821399364494,-0.4815168585132737,-0.6008491960232677,-0.45052892408547557,0.09802623571278335,0.02375238942238293,0.2694974151267948,-1.1934536872809427,-1.3101498620007699,0.21250130808372505
-1.1312554972397597,0.09625732574346903,0.09954946246726448,0.14766517342829558,-0.18144854025781834,-0.4269519513825233,-0.9704449604595383,-0.6566129808259136,0.07991616374128427,0.011201521701686047,0.22557934240527108,-1.4183123505242106,-1.4259495394659183,0.2175385005955991
-1.0948822421271533,0.09637565701699631,-0.16045702375493498,-0.050567906386927104,-0.15271091074005136,-0.4914549064463801,-0.3688713108871296,-0.7166178241166471,-0.054493255466796696,0.021613893338100536,0.22144034624233042,-1.358442023865749,-1.2726241809633159,0.21306015182274202
-1.4620998309264888,0.09931091515525384,-0.02217721145412098,0.04488061373242255,-0.12901557380536283,-0.48374988739562436,-1.5120538250637665,-0.3288178701129125,0.10732220584051676,0.010397311096808774,0.2847437665101285,-1.2615650936621658,-1.2321545183137674,0.16397941238553343
-1.5888923764068505,0.09940350231246112,0.08852596959891772,0.33396266692301174,-0.2825365727991565,-0.4719954897978329,-0.8485018020373685,-0.6865202515203354,0.20336549781741567,0.004548850505046089,0.3190847474100554,-1.1494608943114326,-1.4139131729159569,0.2162294323336389
-1.2687430323420767,0.10077320999565342,-0.25658331657311806,-0.0004890030418044978,-0.1488331782379241,-1.013938243049928,-0.970522912415491,-0.8125899018404616,0.09051436317110119,0.016173737519898035,0.22659916286362664,-1.2609588666036684,-1.3443654148498836,0.29754486606068276
-1.4267514338841203,0.094103311456961,-0.17430677225635233,-0.0706253937408235,-0.21789554771303732,-0.21034595565703115,-0.8359703802188609,0.08313335221345608,-0.20528596460686854,0.008495221715194257,0.31050860710515,-1.0808811714891762,-1.2975019007719202,0.2183699488995527
-1.847829648385366,0.10854139515298507,0.08897850746879088,0.15468358695512463,-0.05809768883327118,-0.6017798306329665,-1.0069736307654256,-1.1232849139232892,0.40799629128194914,0.019851637611592973,0.2850257129851897,-1.2189601470047897,-1.40083105414551,0.220888181109996
-1.1750618878431196,0.09581657215086756,0.09703722611283937,0.21207420881839462,-0.3410207311838272,-0.2982111004628946,-0.7254591679285886,-0.5429054101154244,-0.13982097650237804,0.004382475388064447,0.24771087013585474,-1.274180087089552,-1.3755430505319706,0.20424028360681143
-1.252016459332565,0.09462654584475969,0.11920726383987863,0.1254415014039923,-0.2619378404869216,-0.6602105619015515,-1.1285831036290659,-0.598953026872268,-0.40951848292682497,0.0002998884463881184,0.18988189690647334,-1.1837427116522934,-1.3200148552683793,0.21214792440541683
-0.7739007020156619,0.09178929265280115,0.036113793130648233,-0.0586941341532972,-0.21085143204130333,-0.49909921918203864,-1.1640019457730815,-0.8767931519629462,0.4097558483843413,-0.003697041896410718,0.21010066263253951,-1.3940276534165856,-1.3169522651533994,0.1895896845619693
-0.8833712825055794,0.09291075612571244,-0.00695368942304972,0.020662154462199264,-0.39077174114299956,-0.2757449098012741,-1.3974353164323128,-0.7377574777299248,0.14593043689832444,-0.026398208023021643,0.2955530112986303,-1.2949035003543534,-1.3182921591676693,0.21140641901270896
-1.791114508616644,0.10358806814873635,0.25359272026139906,0.17375184686503906,-0.11194737512635601,-0.5535414784983412,-0.35369648801934256,-0.9414779354533809,0.3701413859144593,0.007202029311146686,0.2705799703006894,-1.2151825639998723,-1.3291515955273299,0.20267697241453944
-1.3036530390455534,0.08654845805786462,0.1698686957266289,0.1695851485765499,-0.11684784524269226,-0.606604411108456,-0.9955345206366324,-0.3865157633663797,-0.07291525781564273,0.016819641130112594,0.1877505529167333,-1.1688609374433458,-1.2926026190137558,0.222063938541444
-1.1121009336795724,0.09060986038528418,0.12299866223802186,0.21270173330781475,-0.16251180557052275,-0.6742212956308146,-0.9642977207437547,-0.8058151258662698,-0.12171306090520849,-0.014633416718599005,0.19795978079868964,-1.1848357597742591,-1.3708513990644078,0.22296321922499374
-1.186513434646723,0.0909667448791608,0.15756632356304406,0.18477923718446665,-0.13716564623467625,-0.46869821030429126,-1.056017827912903,-0.7461955210693341,0.27456273014701055,0.0008917580212384732,0.17445356699681375,-1.1866532175796358,-1.2968429301340718,0.22252776989783862
-1.7100097489716506,0.10080624332205142,0.41301828071156327,0.5460180148775746,-0.22591135024473438,-0.3370473002199768,-0.9641126269016443,0.07260993535480846,0.08882045765716294,-0.005859640702342081,0.2310168428028455,-1.2407099612355823,-1.2849025847125108,0.28958825969136304
-1.5548850235705984,0.09736425652470496,-0.12892381485366283,0.2562311836241167,-0.05705196018394604,-0.2045581325269903,-1.0550860725685356,-0.40584214951053804,0.3686421577074932,0.011597615984541483,0.1925007173332545,-1.2272619864119227,-1.2039761006191574,0.23708239377010867
-1.7304461892549772,0.10362140388490501,0.07562786743732515,0.19767240429037636,-0.22286646531495483,-0.45106680596913573,-0.8979845468625133,-0.1306743314829309,0.09058280452001817,0.013772152440866435,0.25301562498516006,-1.1700997169764058,-1.4274784809323904,0.27631088854203917
-0.788472212801116,0.08712411352355943,-0.03068216721135976,0.08608884009604241,-0.30845957619163406,-0.450678623949819,-1.4892975633200545,-0.6958155956948018,0.20165437726267646,-0.0007946388495518722,0.2702847716776588,-1.3579765915912256,-1.3528935344758255,0.21318823296461525
-1.4994563211531045,0.10007872903833429,0.06822054116130224,0.13200575264917916,-0.23039208753954837,-0.37785321202688915,-0.8134135640943089,-0.3314088692312395,-0.2211295373746772,0.001843527818294779,0.22185937610648243,-1.207507052986232,-1.2722268232566167,0.21674791138505317
-1.465898102293843,0.09866133302231479,0.23478736751697948,0.32169874744691307,-0.3616108580468115,-0.22023586266257,-1.154650844514375,-0.5887643014387325,0.3097268853599709,0.006982138195361058,0.2643561950694315,-1.2930741424058092,-1.3528735282786541,0.26840600178789537
-1.0624214511242154,0.09215629420641532,-0.15699906497825747,0.00881283345658303,-0.18685132298397802,-0.7141326975350508,-0.40126832647271143,-0.8616251904828008,-0.3216136897254687,0.014050856761739151,0.2610842518754429,-1.3377952918255134,-1.1763987072239652,0.19931550375572435
-1.2151734779066063,0.09092064578930152,-0.13422507447701776,0.08553099864945804,-0.1708124480036086,-0.3260319817875251,-0.555133326001517,-0.5995884592482013,-0.01186075117947035,0.0035613286385890704,0.16539959803479806,-1.2319368247660123,-1.1449379886843203,0.21982770816240615
-1.3807282335799342,0.0992518762005156,0.004741640986704888,0.1552681342447142,-0.21903968968870163,-0.49444594198829983,-1.0167456377403932,-1.2375806535464615,-0.06328438069625297,0.008744445884619248,0.2597261858824973,-1.2320535355173428,-1.3120941756448692,0.20766078225050563
-1.592572102535135,0.10012926779284353,0.03314950288435801,0.11756148186847598,-0.1948167423654627,-0.24983462812808976,-0.5418750637481012,-0.46382227701190826,-0.11413821636885729,0.005549551533778706,0.2565644193332276,-1.1132501308597247,-1.2918906115945838,0.197160361474208
-1.5418528791357295,0.09500711370194151,0.29485433232092034,0.46095371864426493,-0.32016414515961505,-0.3888955608277015,-1.1523100344958035,-0.8195488902411066,0.03993175989637892,-0.0013963467241044664,0.18446035807017377,-1.1446151692639235,-1.2828670813108287,0.1962668797726332
-0.9109317895950086,0.0931039196386265,-0.11696770824918089,-0.05024761504041215,-0.19174225205707157,-0.4882644750848517,-1.4098712155889574,-0.7116595319556563,0.033141837145942515,-0.018808542408079564,0.16309066389617924,-1.2062162333098012,-1.276755509306688,0.26357254406614455
-1.750848185061461,0.10493601107246024,0.010953763886144087,0.06227653321350583,-0.2642675395865866,-0.26068276667528284,-0.9815058177520786,-0.6007133751870984,0.20937127180160342,0.014522367417813608,0.3407643555546788,-1.0946947362113912,-1.4022573398366633,0.19266373761654826
-1.2021276204802367,0.09742011955698565,0.016005257246374346,0.053829643520190866,-0.33738010512509886,-0.4727746050603595,-0.636850174184336,-0.8789253113172334,0.011752901151427436,0.014977302958623625,0.35163295021949004,-1.3770622712352922,-1.242454017089646,0.24125343583768374
-1.1272744397568923,0.09819007545184379,-0.02298570822326949,-0.12415155994621282,-0.3498942813441937,-0.48428308691452776,-0.48791430508049927,-0.5548034842304129,-0.2475155066794061,0.0017007869696685513,0.2126014488269318,-1.2546108761246593,-1.2022112023032168,0.19788870590510077
-1.2504419837685594,0.09933395319742237,0.09340824626745538,-0.08940203285300774,-0.1745484864915405,-0.5175921897943891,-0.5720656205813209,-0.9829453577849186,-0.08290602532153302,0.018368176666032337,0.26075957724383453,-1.3523688545813028,-1.3880499844268226,0.22159371071185072
-1.1006702222358122,0.10085592137684372,-0.25595438550902233,-0.14459463943045509,-0.14132996014359672,-0.8665280379770199,-0.34923695833910434,-0.5863454147065451,-0.2603723046991853,0.00529169632893219,0.17913951643951712,-1.2170182691243387,-1.5015588658905015,0.20502413407062628
