1.0051885432572492,0.8974201990715357,0.3338683753298317,0.9829497104177922
0.9645825367837544,1.0457136604155899,0.3663727898353009,0.8708447122080744
1.0165060947428817,1.004370162948672,0.48878447551819443,0.9903919329146227
0.9794189131076493,1.0503627559049176,0.5330565624167213,0.774568980487508
0.9695679758449287,0.9402073295609386,0.29160489420441704,1.0767625193059414
1.012081835317232,1.0356839425770397,0.6441204126198163,0.8864501670009439
1.0439970335221889,0.9265713838185458,0.6294997643142901,1.0292303139982346
1.0324873016295935,0.9545292297880513,0.3813756228630989,1.0511973746343914
0.9841060825846202,0.911176098215081,0.5023329005434416,0.9530598142774753
1.060809148117068,0.9506538919978034,0.34771812961722187,0.8147256040564337
1.0476205906830605,1.0755620756415603,0.5464569808764382,0.9239972921864046
0.951038619591512,0.934930338721612,0.5859000138867451,0.888037160649442
1.007088535308844,1.064464302233394,0.5912053845562277,1.0538438251897015
1.0098624069569313,1.0682992281770172,0.47795855676984755,1.204936370795506
1.0059957662141699,0.9954652961737962,0.46139978286277666,1.160882746629571
0.9516334711757429,0.939692168800519,0.5890168930981329,1.0470554858859331
0.9966169017909492,0.930947909796945,0.367061994741974,1.098778465138707
1.0893624884584867,0.9921359202453167,0.3085031668558454,0.7910539891910987
1.1001449832179886,1.1277727411261382,0.6090210425937257,0.9353933958961713
1.003327660548347,1.0122488270970045,0.38970856924286473,1.2095377443991442
0.9347917687362484,1.006663226757647,0.5314210416818665,0.8975259827790354
0.955008714136152,1.0109736990930442,0.64474449258658,0.7010816418280787
0.9831560755206287,0.9984850780967318,0.39081205505751476,0.7382782727212482
1.0405447786982684,1.0380039067577747,0.5392255612717627,1.086888258786581
0.9135560747393155,1.010642349576886,0.4758294294691465,0.9054999591768251
0.9401273235742909,0.8705214914997829,0.457913910193644,0.6994439994543473
1.0392303833361562,0.9573771555630083,0.449506005862503,1.210524858473208
0.9991434621703201,1.0239489221085485,0.5376519788659959,0.9311633226644109
0.9596743038758492,0.9934928233756768,0.6532679429432491,0.961312888349788
1.018369426393521,0.9531990246095936,0.47549363177607673,1.1035624439449663
0.9654481106463702,0.9250849670027397,0.5342522515267049,1.0549494968431956
0.9074638419209157,0.9981869504577369,0.5872721495763054,1.0339845996681851
1.0383935988595903,0.9677003961276966,0.4054135406614843,1.1023663853583487
1.0162089382830612,0.9860595850415769,0.6556216336080803,1.056461768328567
0.9073265554398791,0.9455008902136715,0.3969968093241469,1.0689966289289479
0.9859948698609083,0.9511132895539638,0.5403427276234057,1.041507437973046
0.9790028618716146,0.9685634762342087,0.40033921870595574,1.0584187870216006
1.0264421382161508,0.9739126227696396,0.4559389937167685,0.8081425293344127
0.9127746034082752,1.0527866983478609,0.5858931643265569,0.8815366325838805
1.0418684458223824,0.972646758316742,0.5504211446918408,0.7407220730892676
1.05564416485935,1.0966393268843464,0.5341825958728552,1.165680312447975
0.939114298144155,0.984488910345467,0.5009117966555465,0.9294110273606395
0.946204803667007,0.8879090909576004,0.3292162061986381,1.2325916935166576
0.9798539883202628,1.0358090286877744,0.6791832917468182,0.980555023643247
0.9175138801717814,0.9652477940834217,0.4626621339356521,0.6316002295111096
0.983448422979639,0.9896226618227171,0.6460236854614523,1.0689262482125113
1.004886347216036,0.9722281625833439,0.4231475362816369,1.0593099306433755
1.0272326358187376,0.9704503503694316,0.520202800129592,0.7607980146187174
1.0308111074175723,0.9588175226951473,0.4357861655934133,0.9746939576899686
0.9804118162438055,0.962444065917768,0.6687990368842079,0.9617752070780956
0.9413753308893962,0.9607040763256075,0.577191765748933,0.8304562533381263
1.0280476288319118,1.0193903189336484,0.5844462281329477,0.8435935273818311
1.0161513660275296,1.0123675356065125,0.5331442600402088,1.254617337419949
1.0273472798717735,1.0753209626131393,0.3960496624841666,1.228987711495226
0.9843307099279244,0.9563899404038705,0.44846509190168454,1.0504027505895022
0.9637946713790153,0.9993707375605932,0.41157053714965025,0.9721393650417565
0.9970810040347808,1.0345579013336774,0.5122578834923955,0.7979022128767386
0.9771516475456494,0.896368864740266,0.448147000180191,0.9231093089595116
0.985774728049605,0.9332217459194815,0.49757693769163225,0.9088487993735583
1.0938642417330906,1.034411769540566,0.3548874197302178,0.9236985641332951
0.9173451034131056,1.0913142869961368,0.6811846660480374,1.0172040161735378
1.0500881100175214,1.0630018721625938,0.4506950941344399,1.1877485995433472
1.0261897994081408,0.9656098166253276,0.42641403244359016,0.8797144230236201
1.0493287406622729,0.9268310332178394,0.530629536488645,1.1521420266040536
0.9752880557335488,1.1377672106325278,0.4499752637160145,0.9357410585545005
1.024233341920713,0.9122209877185272,0.5442745810806886,0.8462470591527576
0.8825254187520871,0.9601895479375225,0.45721331093368195,0.8988670527983762
0.9996679863583515,0.9820686237702305,0.5234798712835796,1.241059095756269
1.01458038328821,0.9677638557401281,0.4645756585088415,1.1041587993706405
1.0134497167207428,0.9659300379900144,0.45767960085775083,0.7890274623014428
0.9646224078870932,0.9700074835488781,0.4631506251845721,1.114359434987618
1.0189650916771422,0.9946382926262833,0.6086474842707711,0.9839346248712448
0.975645730738108,1.0446883213551421,0.3523023468788017,0.9264696619728133
1.050323877672891,0.9659186089101294,0.44536676382752705,0.969017253805933
1.0031282429833872,0.9384293496217135,0.3826706110965736,1.1427672475404709
0.896092357027749,1.0808646845657142,0.41431475154555847,1.0792250918290762
1.0332129291332752,1.0249053814381928,0.36038725232857777,1.0092102341519404
0.9533170224364172,0.9886639846288168,0.5947821726528421,0.8065819793473787
1.0128973020858947,1.0768319197386074,0.40488766028402795,1.1671070588712107
1.003060023542183,1.059246427851737,0.531973157916125,0.7268821601369873
1.0977769269630568,0.9260469180449696,0.47390512467012735,0.9328706209602288
0.9740524320406817,1.0630008279259135,0.5954934850094652,1.1142935771776061
0.995470711287104,1.0232157688599621,0.4026869962561241,0.9817083148777317
1.0016526580026217,1.0078972536806001,0.6899725361908774,1.014687639912951
0.9805302631877759,1.0404225695128704,0.5994010632712329,1.3706558848862276
1.0315175551474496,1.0178604353177005,0.34848867564741276,0.8705732945446225
0.926437740575194,1.0227250131316792,0.541177782841085,1.1016503871530614
0.9717057547791575,0.9348179953858448,0.4148158351423058,1.1319775118229678
0.9205405524595092,1.0472505741322635,0.30117555107851235,0.8322695839105515
1.0622500967626118,0.9755998673171961,0.5553423725524538,1.0644873498812788
1.0378590549381663,0.922577076178572,0.5862613564753185,0.8920088324844477
0.8716775044149906,0.9697240335258017,0.5525418665050902,1.2857080409651367
1.0240323913743874,1.0479682006150977,0.580695930414622,0.7905763205406331
0.9612031213262057,0.9740138579645713,0.5268932587222823,0.8261029989649504
0.978618439765159,1.0597392590037313,0.5456127390179475,1.0272925961141888
1.1041318810068426,0.8919181401469579,0.5570364810443086,0.9523019058520046
1.037111812713676,0.9244164591304824,0.5667676787536309,1.235088599175962
0.9582080352264709,1.0099697839682418,0.6435304454044813,0.8511451611656511
1.0250036220271543,1.0141984198188305,0.46457625145997616,0.9300677958946407
0.9738406034152012,0.9945373623983265,0.3846792316102866,0.9896059810514729
0.9634067104506304,1.054671085863945,0.4318451668283448,0.9953111062877286
1.034378011911436,0.997971013762398,0.5119940883001279,0.916281411771749
1.0392950441633961,0.9815587524227672,0.35777957921676173,1.16463301771085
0.8981688511925058,1.0784132163871634,0.6798821617324853,1.1417811227491172
0.9773297953353218,1.05441701618149,0.5198170378632126,0.6685782588249034
0.9774868887839808,1.015041398754116,0.4250176530837947,0.9430856961652415
1.0217065748646517,1.0520444212294755,0.6664691969421047,1.1954853456101633
0.9534992932092644,1.065750015997099,0.44408879729490075,1.2886261314946745
1.0163054158098868,1.0592741327808464,0.5109661053211397,1.0643975368751653
0.9899387780556002,0.968886357379446,0.44852043727762203,0.9853506160738794
1.0147921930868655,1.0323084351591967,0.3467719113549064,0.9225508194917783
1.0315564273154907,0.9021099381559387,0.6111105571825755,0.6517033987477803
1.0105046778391433,0.9506259723468902,0.5904575958890826,0.9453761901965412
0.9854411252918092,1.0701641486307103,0.3457162023626305,1.0485011690980768
1.0369192416696213,0.9875570123105315,0.4600444596837694,0.8106677337773549
1.0381255181955689,1.0603453239012828,0.5081675469376938,0.9397365677504425
1.0892078294751673,0.9785177346289655,0.5496562114854948,0.9515228679956287
1.0731890423761874,1.0729540081393907,0.35260097906881127,0.9728869213712197
1.0182650566580442,1.049795956651259,0.36846542073389793,0.9084208871655355
1.0356051864578435,0.9331156612332032,0.39124213404891545,0.9550974085710097
1.0174984950961985,0.921874746224523,0.40491625226641476,0.8920042832713829
1.0246159563666075,0.9380861264313536,0.35688375518682325,1.0147305306022032
1.0273322263225788,0.9530112090602608,0.5968815203148514,0.9543148275167326
0.9868317743003959,0.8917323583635615,0.539965416683407,1.0001175938673292
1.011455088798491,0.9488591881257923,0.5574043424433319,1.2304973829791588
1.013455994711608,0.9365638403693352,0.42275178533238394,1.2092775230570527
1.040464229066402,1.0048220410403952,0.4757023368024252,1.0130017798997755
0.972809714205518,0.9871357109724743,0.460629974818508,1.0812370274035004
0.9904370630529383,0.9345087305659313,0.5576862281507262,1.0267418498991017
0.9961589501404784,1.0417809517274852,0.5561203158273116,0.9873992614621268
0.9892461422956678,0.9943661158834024,0.4687127907744262,1.0324407801652555
0.9936245603269227,1.0094825920619803,0.3192249067062183,0.836418338663444
0.9915355450921116,0.9539941198044412,0.5450070424462293,0.978860508625615
0.997674267866942,0.9522597664228133,0.4010379665938757,0.7904287917714218
0.974377459656749,0.9678438237064546,0.37107221346660074,1.0568816806875028
0.970907653237767,0.9889118707185832,0.8137889204400374,0.7086259802200379
0.9515550004366294,0.9615008370682572,0.38173858620906775,0.8873272674779162
1.0610843294029328,0.9413322186414687,0.39977693336718234,1.1430450226488797
1.0064083471657228,1.0204570705560791,0.6009095681648744,0.9332259092111652
0.9865201772137497,1.05468752571023,0.3663150844822172,0.9500845411652425
0.9428768323867555,0.9939941049601173,0.3604304682840407,0.8957905400497206
1.006014692387546,0.9312705453123814,0.5706681840872635,0.951696561372728
1.020804119151905,1.0474754791278527,0.41445525786254706,0.9139964922901124
0.9845690257081412,0.9237725522954435,0.6004206837733121,0.9206849645623912
1.0078866587357032,0.9623626036395216,0.3422340085469542,1.1744860406542266
1.0059643929026456,1.0227028008167438,0.6842591541791425,0.9524705969693287
0.9721385979930192,1.012896388020114,0.5888315789557731,0.9508718472965465
0.9597187624144599,0.9891671809899052,0.4797634432864427,1.1728419879605283
1.0036763758426257,0.975403271834925,0.5118745357311906,0.8920532955545426
1.0048313694788806,1.0182459519204636,0.3707972014563847,0.9631472896558908
0.9793505292197895,0.9437574318031189,0.5322458203809879,1.0584283802498842
0.9753587825047418,1.0063408291697564,0.6507195496028005,0.8131112228296966
0.9664219372142823,0.9288956812482347,0.33108890772936383,1.3058105983292236
1.0045403766047338,1.0407134182110185,0.4824418613235625,1.097181183340107
1.0137146884489072,1.0177780369169835,0.5960540277103368,0.9511464063522198
1.012279507823871,0.9692314665342062,0.5421231183910051,1.1830482128233704
0.9501243168831012,1.0468507515667573,0.5501861197127168,1.0520603877098673
0.9757372848338369,1.0313880816540317,0.450355846207489,1.0576055397584583
0.9867779043770899,1.035211190343564,0.43922890229549044,0.8730599905392047
1.0493257941758627,0.8580744237730678,0.6257184234294407,1.0554976479318094
0.9603113894497579,0.9772664435847814,0.4616192994338687,0.9282693933342896
0.951479371656798,0.9966973260045822,0.5445163101947904,0.7862357958012841
0.9414232640618181,1.015442501723696,0.5724796726347429,1.0453700930033079
1.0074661964163791,0.9648154598165203,0.4950362280962101,0.800528428269156
1.0058742019529971,1.0289541461671692,0.4699985645612003,1.021176054818296
0.9232167326962457,1.0136905967162682,0.4796700047675323,1.2686888902614473
1.0079466995158077,1.0564571458150087,0.5700429664777662,0.9609396696873342
0.949433218424408,1.0594841565521496,0.27858891439579053,1.029436995809498
0.9732277255819552,0.9356634848798989,0.6303202104227846,0.8387562938424145
1.0262241574194317,0.9750067123524476,0.3735194943421178,1.0406190050277695
1.0496317780976696,1.015893514204028,0.6955549415975131,0.9197881582311682
1.0094052265520284,1.0116048940284699,0.4414943602209845,1.22324988236812
1.0429686357802226,0.9317851635224335,0.4649485792793274,0.8425916001890804
1.0105813392618161,1.082351431816863,0.4224319728853528,0.5110984292700945
1.0245346601463454,0.9648949023844501,0.5686623180643129,1.0257263661033558
0.9789182381144799,0.9886043235281441,0.4641309502668358,1.0656032580134975
1.0405995070589849,1.0320489206017258,0.4377420758483562,0.6935252938758611
1.0094367252315588,0.9561099015455535,0.4021698225450012,1.0541093608210874
1.0340827960181258,1.0391371255241864,0.4264551993591289,1.1216587958790556
1.0172608808701404,1.001568087526722,0.32072830361252663,0.9730677541153979
1.0186560081468985,1.0882030312236568,0.6164146103256689,1.3380972508405553
0.9943190913850585,0.9031643168208328,0.5684341625413752,1.2963711096070314
0.9998061012929551,0.9550086475196333,0.5130573680850293,0.8800377106334137
1.0427733654812972,1.0323862325983377,0.6343782756159383,0.9178295788430981
0.949419811793193,1.0456975950910392,0.5305682366007908,1.1491352825138221
1.0193557572263892,0.9942980991966245,0.4977956906811056,0.8946616924169863
1.0007730869307128,1.0271912237159593,0.5535296457189145,1.0651272798894016
1.0015546070520907,0.9910808103207279,0.5683011382913078,1.0644479240609948
1.0209488122231478,1.0691084286197423,0.527631383215217,0.98164101613136
0.9763376815405069,0.9743766410891729,0.6682093730387443,0.9158780143428911
1.0013411446949154,1.054997371563359,0.2616700958413271,0.9371487716309065
1.0080112468342544,0.9795426312788569,0.5395700423041719,0.919426148395869
1.0176805230064108,1.0010755072068631,0.5013119331001495,1.3650996662863057
0.994755218756191,1.049758756697837,0.25573538244852834,0.87562330185234
1.0047245355523546,0.9696809627304555,0.49910634123980474,0.7889164684646095
1.0060827741839498,0.9980866224400466,0.4847295166844391,1.4371164701100279
0.9913521016454361,0.9379162940788868,0.405682247305962,1.158878643839197
0.9422474713160682,1.074615721295326,0.4220005673433853,0.832911440160621
1.0712210242900122,1.0338709104191035,0.7624397888335289,1.0610115609012456
0.9703296454600618,0.9780919234650515,0.6259338811643159,0.880160441270684
0.9969145039697352,1.024211185912866,0.6208561314024873,0.8655376614225863
1.062815789567308,0.9610030563171804,0.4716252947064587,1.2243304483134154
0.9583411773378155,1.0123458841775228,0.40397287794270687,1.2620385573484123
1.00715352486568,1.0538289887292323,0.484805513398845,0.7963304580952292
1.0062884459154653,1.0646055365459492,0.6630317005566774,0.8730986378935383
1.0629539311259193,0.8644674110179006,0.3572324049792763,1.0981266938464598
1.026753513226972,1.0025179967452198,0.5850633642351438,1.0939769957021908
0.9830428270841802,1.0285298343077964,0.5488171997434584,0.7306113357998156
1.0737068579220446,0.9454405732482949,0.46190449387205373,0.7340824870535418
0.9595010285577256,0.9861027200690134,0.5047269963615771,0.8433698939149498
1.0294450316798476,1.0433649367940223,0.5383277036012042,0.8442032941442555
0.9214321256634812,1.0486329364797338,0.40580442728532695,0.8141764272151156
0.9626008263679431,1.0792240229342136,0.390127363801349,1.0850415622806733
1.0107301080743314,0.9191121429601824,0.48054003200222045,0.9327136777673186
0.9732012755428816,1.011127571638206,0.6241657971245685,0.9552363424832404
1.0868949042779357,1.0107258673830695,0.44435838634472824,0.8130905736149499
0.968180806237134,1.0536420235307382,0.4906459406252091,1.097940762575493
0.9509360292300502,0.9302832230273677,0.48129877507456365,0.8931521018163752
1.0173268288086506,0.9949617872727705,0.4275037253617127,0.7934307306518766
1.006691143110109,0.9771967693237044,0.5391869451734734,1.2673510875148863
1.0198102252584795,0.9990244026269037,0.5286906803630842,1.0954902286753834
1.0238106425393276,0.9598240282014924,0.4455049030366006,0.9589080854925518
0.981938610332047,1.0201021847412215,0.42149220452543784,1.0828065581897808
1.0187293317698844,1.0017135757186983,0.3958394211122195,1.2458634864541482
1.0503558641884843,0.9568298799704382,0.434168772968878,1.3358700037596203
1.0000903326748287,1.000847933252199,0.5122148274554159,0.9163652446287414
1.016163822461694,0.9500504364883579,0.5775063712159918,1.013163449401782
1.045906304954233,1.0591162320225374,0.6120345456050551,1.2883812684378346
0.9429597728792887,0.9816907563572801,0.37539514633326587,1.132198064579261
1.11564085464496,0.9336196260740471,0.37796791863361945,1.0156218663304344
1.0560094511578102,0.9925693955073137,0.5194563411125594,1.0872995881754528
1.022347390286627,1.0147037920747426,0.4940370142971877,0.9528131928518632
0.9811090401268651,0.9868060253345099,0.6305851779919697,1.0662855106873492
1.0590608265698593,1.097787252476837,0.4573942601109235,0.943730778457547
0.989240265934569,0.9725053607151928,0.3557474479935526,0.874760501184354
1.0086126674513294,0.9933971343644196,0.47664951163644587,1.2075622925661558
0.9785523306588704,0.9363164385458119,0.4875725009363888,0.7501575692090492
1.0714019318973158,0.979426508234101,0.2681496278895064,1.0092263159222437
1.0254501124996473,1.0270254638075496,0.27115389184283556,1.0942647358770576
0.9826894693977919,0.9446949400017015,0.3949430745179805,0.8259118455434822
0.9558811789316164,0.9220046203307127,0.5577957763020912,1.1998211574829023
1.0006014569637642,0.9655627791994217,0.4953261044697532,0.7989680918287161
0.9894714050397444,0.888351861087162,0.5598611003843886,0.9817688908581024
0.9739366512926638,1.030858109930657,0.5791081995200812,0.9070523107153878
0.9815269202549675,1.0855895154214008,0.7582731486269646,1.11547192106252
1.0669810284677506,1.0032744779368468,0.6832136001827358,1.071940167249225
0.9609803618338345,1.0028227132524679,0.6389242867949335,1.0033256464831202
1.0055249358174012,1.127131924602667,0.4427691028387636,1.1668889408637892
0.9540691581781046,1.0393946286571907,0.5876334367067223,0.79703156300549
0.9914878958248763,1.0282040629141265,0.546040944494583,1.099440640561522
1.0384592123487482,0.9780252791245981,0.4851839672752758,1.0937511736369574
0.9989921082662254,1.048511113035564,0.48273140507775203,1.2125776417274459
1.0335156182739316,0.9390810548645547,0.4418071446419149,1.1042316177694054
1.052736577095637,0.9710548445834906,0.6413933479758827,0.9645692965783041
0.9904248914351348,0.9659860110932015,0.5918649958764306,1.0491061221895763
1.0028839546097152,1.0206122358615977,0.4311298156393188,0.9421527801946377
0.9917126290203278,1.0319389186189507,0.523494851008236,0.9861372494111795
0.9897581849767256,0.9544874620279638,0.4125303078712115,1.011843295975122
1.065628932323667,0.9979890231840031,0.3426676257517865,1.2160729721256553
0.8995979965304723,0.8989132115387537,0.5868214653036925,1.0708776756314011
1.0255930210228494,1.001431757542267,0.4337792169940448,1.0334243282025886
0.9984028268153672,1.0098843762961591,0.5398340887913057,1.1017703574365623
1.0104981667696558,0.9902805057024341,0.2892249897211279,1.0673827791233463
0.9620557630989229,0.9691361155826033,0.6443557242697904,1.209955522620416
1.0032696903495064,1.0479428110104516,0.6530320903038305,1.0669100356265169
0.9773831062380047,0.8947997219242511,0.3342080437414399,0.8332547431555434
0.9910776518800534,1.0233448769038638,0.4745986800071534,1.026880830012405
1.0097516966599154,1.026115933498123,0.6213858288664229,1.3475993961144987
0.9818913089275912,1.0420640521241906,0.564140784272016,0.7648730309832465
1.0061357384546095,0.9849005097006375,0.43039718960507733,1.099776050489232
1.0261102381057323,1.0020247942044525,0.4195969427105203,1.069946890977689
0.9932873871481827,0.998432705263992,0.444648495548544,1.0740066332669436
1.0478786313723563,0.9730092769884844,0.4782663902635241,0.9884326211488981
1.0380444689309536,1.0097588454891644,0.4485635988144411,0.9132517957970827
0.9816606939666653,0.937954199888281,0.6820460346664189,0.8799231993998179
0.9861276996004721,0.9454858077194438,0.6418037516824348,0.6796600187542403
1.0446794012378378,0.9905536973627962,0.7866923968203325,0.8795430435100119
0.9295760141304417,0.9369723753447687,0.4624071423992121,1.3846820139869416
1.0202614218534918,0.917837321974276,0.4172698483577704,0.8569076390109521
1.0152623259202669,1.0337242176938342,0.6043312272798443,0.7680346590000194
1.02391174088205,0.964661641260565,0.5805988247323698,0.8733632069489099
1.0196391249023045,1.0243479669760105,0.3952758696593326,0.8736202903984913
0.9856681761981848,0.9788876962464428,0.5072266696423455,0.9135545809904687
0.9600629805771107,1.0828517261316308,0.5104973022921225,0.9326031862756975
1.0298390822257393,1.0487222433909198,0.6623708637425563,0.7414585246633774
0.9868031340555167,0.9514390668341427,0.6442175521738044,0.8684321945402627
0.99232104785945,1.0239844477173425,0.4416312694572909,0.9086607872425377
1.0507072206776558,1.0048287895179044,0.5309874177143209,0.6138307145591229
1.020114982971531,1.0143913051712188,0.5738764062873124,1.02111359456864
1.0409250877613143,1.00865586218401,0.5422499846726485,1.0247290138500649
1.0515574822142606,0.9905332041138332,0.4447701113051991,1.1224225312587013
0.9692570346340793,0.9260266163594777,0.5170968347335074,0.8868808104990467
1.006622594566265,1.0262050817995858,0.5618843190928623,0.8722471049159088
0.944492123776028,1.0007264846311732,0.5817065453332158,1.0195612132959435
1.0132409631090888,0.9143372800588417,0.5610875433566861,0.9445080524348113
0.9914525614094021,0.9225417150311632,0.49668394266321686,0.9388619172398556
1.0361847341854116,0.9364973110121649,0.48278542549296294,1.1705440333260613
0.9833235519239301,1.0482266466764238,0.4589819733824523,1.2727086281396867
1.0056114472287419,1.0036426554270275,0.46036972813420063,1.275579527889299
0.9662055994565495,0.9573501654985926,0.5492761238657454,1.1594637832767887
0.9785875394120732,1.0690584762663555,0.6120712217316395,0.9920250446345646
0.9617578688934509,1.0975570443721019,0.34054929079096596,1.1220810477848664
0.9866921494044139,0.9925737729540398,0.47763239720404993,1.196201009544604
1.0462704146267934,0.9435314446693052,0.5422116718640059,0.9556465579641082
1.0191207982542,1.0563172875625617,0.4827912323501803,1.114367980350397
1.0423007876903352,0.9461620841984814,0.5464044491815239,0.9556640747610904
1.0024606433656453,0.8961322866158453,0.48759213815503016,0.7531511020303143
1.033464623397531,1.0627540902543975,0.574666655038417,0.8309487820644723
0.9789443826408004,1.008041269556028,0.4207427130016996,0.7641546857848404
1.0567792685267006,1.0642193848129418,0.5117406023140251,0.8417624037093887
0.995754355147725,0.996540894085935,0.5303139705106331,1.2658427127676775
1.0507293871464516,1.0573822527893644,0.5577066377283034,1.2386285806979402
1.0138318022891954,0.9850811952042863,0.5635425627594205,0.838217467428305
0.9623864926186003,0.9603059453779144,0.4929893691365293,0.7898642325607109
0.9143616266121081,0.9522660356446259,0.4537218093815548,1.2317938066396086
1.0018068131318922,1.0166739436916343,0.6227559211288206,0.9486879004001645
0.9398372494649795,0.9875505574369585,0.5236317949229269,1.0490423687249826
0.9989636639278953,1.0449121675555137,0.7315356287173364,0.9335425635655726
0.9794830840617075,1.053730573517703,0.5140101819734824,0.8153321847006747
1.00933580197568,1.01345491411963,0.574631456006711,1.0188347653912266
1.0202447023696188,1.0533190234433814,0.5830666024529014,1.087820582897156
0.9388003248994317,1.0225914456546281,0.5720817080937572,0.8382260048640706
1.0672523696424676,0.9680615221714975,0.5484215456642441,0.8504573177978971
0.9529486994389954,0.9817411137614963,0.5684924814553656,1.0406422197071485
1.0297227955086872,0.9786497122640639,0.41083567144950406,1.1700436792441202
1.0328566572650464,1.0482347204464555,0.5120514883798942,1.117139825979792
1.0118866518144096,0.9951043862762019,0.5979809663861041,1.0674825075008774
0.9971793319002096,0.9786860870152475,0.48420605256215704,0.9192682171129014
1.0073746380230941,1.0172506021099774,0.4430085145890336,0.932023025950328
1.0457888677393046,0.9810283239170583,0.5015845027100458,0.9370213213142256
1.0548284237697978,0.9653717823546293,0.4335899787356753,1.1581931578736246
0.9775786029953489,1.0635394724660103,0.5788563428667503,0.9740205071328456
0.9625720643708153,1.0319899920443862,0.5276338505549002,0.9846772741265587
1.0150446407379308,1.0316585033345844,0.38255429289507725,0.9176969660584542
0.9531827780988273,0.912299729640554,0.4593266682954428,1.3516799173150278
0.9941740005570352,1.0429134640057502,0.43603279674249656,0.8507844919236474
1.0542026936978846,0.9698341700120826,0.46266134345548393,0.9014274751125484
0.9767934509046948,0.9975629488947294,0.5314980616492981,0.7702313324757981
1.0602887282588964,0.9193062762641192,0.4544443111446161,1.110626202859096
1.0619632300773119,1.0136852129422111,0.5945034272576151,0.8553329407145659
1.0159003326787481,1.168594055503558,0.6985290839992321,0.8459216751720966
0.9667139042935192,1.0136560794855736,0.6187011563149435,1.0296421140279877
0.9774917106672766,0.9714291850704638,0.6139686813555769,1.3077319804710466
1.037202194114059,0.934567479375529,0.5173715920285351,0.8865600090108929
1.0045014354786441,1.095266997581905,0.5481467378831697,0.7687050504729169
0.9790539683802456,1.0252317899079866,0.6264991570985503,0.8345652758402616
0.9820700045143917,0.9573146822867235,0.5401311944656175,0.8094667080543163
1.0349269905186822,1.0257534128986183,0.5533032239221751,0.9410638853572095
1.053319678806677,0.9302633859854009,0.3121576381051564,1.1485397788959957
1.0541723490336568,0.9568973012319071,0.2491653301855236,1.369005923926251
1.047724568566657,0.994207954399517,0.4593983793826092,0.8447728123723238
1.077777689918534,1.0291951516716729,0.6779896222730869,1.0549893240403856
1.0406817850384058,1.015708824432897,0.5842602963085312,0.9746472258353042
1.0446285393798023,1.0012609403363637,0.4076862102079718,1.250138340834164
1.013922523323244,0.9500809494938274,0.36927995759186416,1.018765049623604
1.0355759572054302,0.9718159282315203,0.5724767678517146,1.0077297119358133
0.9589641317331131,1.049090834505259,0.3716133803597163,0.9344460132638417
1.0274205736551019,1.0218496266490178,0.604672273053546,0.9490115626654758
1.0636991253430343,0.9784280140614019,0.5036340710140638,1.0324899134236276
0.9946132814529596,1.0037662010967707,0.5020645414634024,0.9635801478023883
1.0025974355915444,0.978509901213833,0.573137786073157,1.0181740708089382
0.9544536663098866,0.9685270545190985,0.3886544740753418,0.997911444597367
0.9844671097301534,0.9284373399471081,0.5240922679908155,1.0179199116155488
1.0149905968018071,1.117975579195037,0.5728504506557132,0.9331470198123403
0.9883713457024521,0.9974219254325726,0.5225199687586696,0.9200367058867498
0.9670361709970522,0.9094289165251132,0.5313613481371243,0.9865141594931123
0.9625222708843939,0.9686769406444655,0.5885605419234002,1.2275937244616983
0.9303425216004939,0.991005169343818,0.6217394644319244,0.818585811722568
0.9264932852174835,0.9438305082639876,0.5123907408660773,0.800964977832921
1.030310840871807,1.052983932763206,0.5964532852110129,0.9678994038691391
1.0164739147236568,0.9966795987457011,0.39963367791156446,1.2537064053414007
0.9882592140570226,0.9671506715639049,0.5149527386308559,0.9353968616579456
1.0153361452760443,1.0122527825844319,0.3868687225103934,0.7893735135816868
0.9396870717662441,0.9768644561533653,0.40474433685308314,0.9404240341401309
1.0192494700428332,0.9656609849236127,0.7483232412326598,0.7252811700477123
0.9852899377217443,1.0274492967332216,0.28943080890219514,0.8512923418729548
1.059872957158596,1.0951544160934736,0.40340730595542235,0.7933840437756141
0.9718847728973725,0.9738210213023168,0.5160589976522075,1.0349157947864185
0.9950492866254698,0.9234004018342004,0.6139195737784497,1.1020412695602433
0.945533947530055,1.0200361986767494,0.5709958913591687,0.9853489233246207
1.041489961458985,0.9765600504767857,0.49997249194189486,0.8133254292163946
0.9328225641238603,0.9602867597380238,0.414130476416363,0.9356835982551017
1.0819246240886045,0.9654653892223287,0.35052021271362704,0.955319066568773
0.9385134577473646,1.0188184409365306,0.6496505843988721,0.6959567076237689
1.0417545094249394,1.0619234479900672,0.5358861893568834,0.9810943492570505
0.9767805980992222,0.9887472920978781,0.38595327491206355,1.2541182526651578
0.975479694802846,0.9693750936461697,0.554802076316512,0.8263834471068506
0.9883067050764084,1.0968877476058934,0.5772062971795189,0.8290172930779673
0.9733186235341473,0.944193291950263,0.44586633148115984,0.8410223628817725
0.996958819827465,1.016991061870442,0.45529840058302035,1.0562034852139506
0.9017776081477157,0.970485377563265,0.4244603845649771,1.3054377068597713
0.9829901486335197,0.9331291744795268,0.4753652716964924,0.9365178635744401
1.0160022567717144,1.0135957459023655,0.6051912112242059,0.9143468782870989
1.081529555560004,0.9549304300637921,0.5430730358460242,0.895887807603682
0.9556953316791732,1.0417971372149504,0.6859852288973585,0.8822527396746
0.9800991176047249,1.0368497191789614,0.45657793801670005,0.8664378033351728
0.9698436488669794,0.9855681693495564,0.5979492226845832,1.365536622930777
0.9506468261894132,0.9486160801440664,0.5539777432543218,1.0122885385693394
1.0526185435903985,0.8744418316818472,0.4404446867725708,1.0781986886700512
1.046339293268884,0.9254213294229138,0.38665815518168606,1.170020196463375
1.0511904926621454,1.0217403920318915,0.4658931876579583,1.00841253898469
0.9521140151539186,0.9759315187106099,0.5310099101928903,0.8751655603096835
0.9096141629297735,1.1503109361710153,0.5145087477127052,0.9702999021034525
0.9769621249214735,1.036920655133421,0.4752289311275949,1.0034988493179224
1.0512341564412753,1.0081493831843826,0.5690125256364715,0.8594819740316895
0.973648365551784,1.0410733305565172,0.34981877602973627,1.0268593670506907
1.0671678978676855,1.0147121309641338,0.5227536828186593,0.9285570135894929
0.9754680398065986,1.0518813527380835,0.6755238401066562,0.7946360883054169
1.04006909811011,1.0267377104636362,0.566084561492346,1.0312795367065823
1.012552848969371,0.9968308368409678,0.29442417101395224,1.012120554232928
1.0538398726405982,1.031391775643876,0.32681675970354357,0.6535308460562023
0.9678788395509353,1.0102252074999991,0.4212942528003861,1.1068899017744949
1.000306027472815,0.9646744098750566,0.44527011647196985,1.0200538463838291
1.0314249581978807,1.0081332281857611,0.5168295871963504,1.2084919590749816
0.9967285204411254,1.0348060537020225,0.42941578340437575,0.5841342506232856
0.9631799181517156,0.9969278937750283,0.5575711106049847,0.8993731689154827
1.0302806420100814,0.9408584508424236,0.557996447385654,1.0975520129051917
1.0151686107976579,0.902114088955367,0.534504197422638,0.8934361387373406
1.035823049742528,0.9642026474609391,0.32955499366451657,0.8670523019646261
0.9658472437103184,1.0049845200798206,0.40029777910641334,0.9467879100301698
1.017840904670007,0.995582250665967,0.5020286079137751,1.0853783836101192
1.0360679111383373,0.9716290892857506,0.5011560615255805,0.7550083691070757
1.0132523047548887,0.9155953018953128,0.31298239155517943,1.4752075973927876
1.0251718329934028,1.0023011875844265,0.4506284085604645,0.9555124291772638
0.9754650552603549,0.9129331904596524,0.32877623577478615,0.9988709373620954
1.0504692323649933,1.0587662498984902,0.5547440043134659,0.7606966193173281
1.0149179121010123,0.944099109696825,0.5376973340860445,0.860411197335937
1.0087434996649702,1.0224856201267505,0.47066137193365043,1.0756741028547694
1.007358780943655,0.879259015407348,0.34347830184377715,1.0131197198986646
1.012386310451831,1.0280601674173198,0.48910384343338453,1.1870968106005453
1.0576942145197998,0.963389098960539,0.3649642882757129,1.239998399706371
1.0941556764111524,0.9229441823091337,0.582085271678333,0.9908333635356918
1.080632952970488,0.962136946752799,0.5728419123207801,1.0203213528881
0.9925452037796164,0.9550588443282754,0.3573611161079158,0.9534248598416153
0.9859679426684285,1.046163939099849,0.33426255626606055,0.9998983529963565
1.037518777628886,0.9616183294838824,0.45008680406702306,0.7786012716503987
1.009008461376664,1.0097933518642948,0.45618274326468294,0.6157467882955714
0.9455321409107389,0.9810552373273446,0.5442090201628413,1.038643182089577
1.04192352326922,0.9942977832328679,0.5241368046494942,1.0411737541303747
1.025040945596378,0.9748121463486261,0.5108741979371865,1.0351449562309987
1.0000953209909844,0.9275041125327879,0.3687161515058149,1.226179202552322
1.0325259410528749,1.0025119958342734,0.5040081081982535,1.009810502486519
0.988038572913002,0.9855189106459439,0.6411009893209624,0.6582245472194052
0.9754888726111627,0.9838393572287498,0.3790230020354197,0.9056081864922201
0.9771795219819073,1.0656362356944162,0.44214870627648933,0.9710917400492477
0.959566386396031,0.991811260946294,0.3981627987671654,1.2001904359458642
1.0256797178046764,0.9965482170159204,0.46777255995345846,0.8633605799456405
1.065007751051595,0.9198750326246358,0.533330460283501,1.0936733045761806
1.030032290327462,0.9800244289699923,0.5806051476245624,0.6102216927076366
0.9702667981617343,1.0323169822820308,0.6591831632509069,0.7878578951703186
1.0480769947329338,1.0052815539811704,0.5920576839856302,0.8385931536740878
0.927980471712909,0.9983309909058927,0.5241730324931329,0.9165721293798539
0.9783124159907576,0.9330807360044764,0.49711164094731874,1.0466140464267601
1.0332431298728748,1.0177937678491578,0.4988616799393246,0.9548284724085414
1.021396827096899,0.9485136988874567,0.2325408349363425,1.063727867581417
1.070508705263871,1.0063488132786522,0.40046592091130806,0.8666808159925017
0.9894457008066792,0.9132926372713244,0.5853836302374889,0.7663181744742917
0.9745994372843919,0.9839244312424446,0.5114562264737448,0.9239444068415856
0.9669365750175642,0.963496996688842,0.5071564096670363,0.7103430317114321
0.9396154547159729,0.9851033285341977,0.26515492303812577,1.0220071611076076
0.9901213671913003,0.9506405320430849,0.29987260769163554,0.9672114214348613
0.9579850940268033,0.9151517201095078,0.3680201690286506,0.9968871151036446
1.0255284517342689,0.9543528168126781,0.5612698057713824,1.490559944414067
0.9262932673913612,0.9320705033891032,0.4229402578879712,0.8468932780868188
0.9926228855582013,1.0307019000551916,0.3705287503065144,0.8385182387229323
0.9905152929700396,0.9992540731669916,0.38353648655993733,1.0816666242782935
1.0358379787519336,0.9800699701307869,0.4999518357262016,0.8670295004249855
1.0024812926568256,0.9738654218090116,0.6065891446368064,1.0394057534253522
0.963365773793919,0.9828135169305295,0.5708656539716123,1.1595636132766032
1.0598882688199809,1.0273022045639013,0.4712138264445345,0.9157703588885715
1.0415577649611765,1.0261760115499718,0.5293206474311145,0.8671101086785244
1.0322777277322928,1.0386236541405105,0.5367042346511885,0.8893340234411082
1.0096107863188828,0.9543048284716985,0.4108205050094287,1.0410839645072727
0.9734034258242698,1.0041802639982165,0.5618608728601127,1.247803436839547
1.02854019573426,0.9937389304538946,0.4881839391084568,1.018440010965937
0.9683363566700913,1.049442148558839,0.6027459887944092,0.8219830076357257
0.966294085047902,0.9199161640062794,0.461864882888153,1.0481524909210607
0.9982344051491872,1.0091504628059242,0.40433036543888173,0.9049844017496596
1.004846624528316,1.0755547933872875,0.6388313045756359,0.8141911182821177
0.9620463221944099,0.9582039868025022,0.5187023264816717,0.9834794220398141
1.0320705960069974,1.0466288129274446,0.5249906968015711,1.1821587564125937
0.970543785218667,0.915698992563743,0.45583596575671415,0.8571339216626761
1.09871606946377,1.084249495227558,0.5595310221665964,1.2112296401197897
0.9914367756736456,1.010667949622267,0.6058734728403856,1.1637208678531612
1.0467343486073553,1.049312809822597,0.5621272540221304,1.0350787463644733
1.0656680071836813,1.0578424347098674,0.6106003823363741,0.832143597620803
0.9918612266267612,1.0368768901958527,0.5876800643508039,1.0095385754073458
0.9807945045803178,1.0598296396713518,0.3725222277501253,0.9404298418935606
1.0136940003588106,0.9942429574259011,0.37626928969830264,1.0006807102509805
0.9930783336865504,1.0005483810638627,0.33241290202339663,1.4138918610203695
0.9859995023337857,1.0053429064830863,0.4893049499234608,0.8922947663341843
0.9753949450848131,1.0327746841210208,0.5216372847961707,0.807623535296978
1.0087745700537798,1.0002518156868234,0.5595768163905042,0.99204325928966
0.9354872542005709,0.9977566095676842,0.7411790355710215,0.8944708774020709
1.060810557338664,0.9480419156798234,0.5021749983794545,1.2460506094160404
1.015734662458387,0.917607490467419,0.4076239034571072,0.9320921232982431
1.0300900384046965,0.937622919719006,0.5401184109288488,1.0616811669581119
0.9251940185186266,1.1055542827456446,0.4662447520488987,0.8460060451886082
1.0336483089703408,0.8807216275968391,0.6236333189735952,1.1509934003082658
1.0819897386507737,0.9209076681891667,0.4303237099654632,1.1374382863634263
