0.9844068444971785,1.0117270541400691,0.41793567742740173,1.0189268046683353
0.9752688632927415,0.9511699823729464,0.33351971776423356,1.156719375575631
0.9832445530190616,0.9499767691974604,0.42289619012972346,0.9508371774709828
1.0006602757436889,1.0156466048038728,0.4291139918529844,1.0097721501495556
1.0154001206634986,0.9769383832751246,0.5015772938956765,1.0058090294622941
0.9739148380913778,1.0913692956134702,0.6439797531419588,0.9193774393185817
1.082953407551417,0.9971642864800851,0.44166713630692644,1.0147053659273224
1.059989023862903,0.9633501547894018,0.438431447533937,1.1065614194446387
1.0092839481887779,1.0479727479458603,0.574995160115945,0.9309805846107184
0.925095200356634,1.0178365149540185,0.4746761943993475,0.9651378008887607
0.9712829623423116,1.0300011623252299,0.5514580085188606,0.8551323856579774
0.9581690744010787,1.001849664027984,0.5265757811762473,1.0430380684393432
1.0530459240906362,1.0296578438600503,0.4931424751596214,1.0165917793419994
0.9982373609877259,0.9633995691975099,0.5436195786378157,1.0115706583966395
0.9776282234379432,1.0404646688358736,0.43216685453398274,1.0158500257844099
1.0281004833117589,0.9906757168145953,0.39236520814288284,0.8097358763695409
0.9904484504253118,1.0178804808201845,0.4571013031020891,0.8914115528931632
1.0078055616566237,0.9697175107323884,0.4185462336481236,0.9948744365077159
1.045890667834199,1.0444192568132338,0.44114103974726576,1.069271558018035
0.9141612009571091,0.9569197203522365,0.49623177158540277,1.0943151543341867
0.9656355078901359,0.992557167539458,0.5982325012571013,0.9826650965839332
0.9681967357533074,1.0521089953951979,0.6124849090700527,1.0150634800219218
0.9924404289558554,0.9853243570268037,0.6371444899823026,0.8972807875884818
0.9438618610443926,1.0003669071435044,0.4920949683796466,0.9398278319954972
1.024366181265769,0.9902242985562195,0.5982148473817526,1.0008190336956535
0.9729933608550122,1.0644208928075283,0.5748511392077805,0.8872174316711459
0.9818480520417575,0.9524011464727488,0.5851345434761775,1.1588289392853015
1.0023869667164211,1.0225326998922768,0.611339245687459,1.0286118848118697
1.0104966064501903,1.0967717709699576,0.567711503366248,0.9577578695362645
1.0457738904310363,0.9658189751373252,0.3933244831094491,0.9521649953955976
0.9533558145047405,1.017270664864894,0.549293363459331,0.9741020357374847
1.0089415542737705,1.032407834010385,0.5113492851368653,1.0591030153614336
0.9779183277536966,0.9940288749366751,0.4656237967765376,0.83495937762777
0.9791187644956608,1.009859027923574,0.372496912943957,0.904542927351378
1.0226445018598336,1.0272618610307898,0.6099113745352887,1.0973255582424353
0.9795109007279663,1.0009848038656397,0.5160747576305387,1.037291770645178
0.918482827549743,1.019901733901405,0.42505938106752783,0.9122338185265674
1.0582002472264709,1.0165402313287906,0.38064494869698157,1.0041309417239668
1.0279039072671163,0.9687798705126247,0.5648437528981266,0.926452863067724
0.9956667931852357,1.029699929618602,0.4705428697984533,0.9577714945415909
0.9254301226801496,0.9825047956268528,0.44616414038352564,0.8332103029698253
0.9946372037304954,1.020288103841031,0.4492789361650917,1.1108049050790385
1.0302407686723183,0.9010016905296613,0.389423843192768,0.8508499785033763
0.9901143671248906,1.0399573247028546,0.4734254151428293,0.9107427029264651
1.0346287367932319,0.9120772732880871,0.44481737501666413,0.95145982425143
1.0665189021700074,1.0363901933923303,0.510198430241774,0.9042198805492504
0.9951063096569491,0.9454866559442371,0.48612976987245654,0.7655403864273631
1.048106710586262,0.9897319767113307,0.6499291414692746,0.8374296193749786
1.044565762389243,1.0418362584153298,0.5287154765421218,0.8955917182821566
1.0204063606022955,1.0191024267414506,0.6342810964267648,0.9520357705228509
0.9997376729428886,1.0275928294012606,0.5087594589541089,0.7929934322351707
0.9577069952267216,0.9953874765296037,0.570581202364714,1.038253557838322
1.0087438475981674,1.0543873485209807,0.5389682796076168,0.9552312338142629
1.079035039853492,1.0203867654614587,0.4777439649477535,0.887142202386785
1.0634550891080814,0.8997176649822669,0.4436592082977232,0.8888390422195832
0.9988961420813889,0.9836256015006414,0.4437541267406909,0.9312493328571887
1.0247850368377387,1.082730091055673,0.39647246213918613,0.9675674610805863
1.018094426172534,0.9503628152849304,0.5698975532440742,1.1066890126055204
1.0374069862103217,1.0081321240900099,0.5533970290787227,0.9439064643434203
0.9826796855327877,0.9121158285963915,0.46090116995475006,1.1168161122058038
1.0388520398700878,0.9701247831203964,0.5797827902860357,0.9339571625534155
0.9719674865704654,1.0288187477692612,0.50349342862262,1.109633486249685
0.9802483479241577,1.0590046249908764,0.6480726182101172,0.9289417658168242
1.0391397708071586,0.9606587540175537,0.5143390974418797,0.9532159663388735
0.9634207418751416,1.033151513441563,0.47714631813668734,1.2603636991113214
1.0348666400409212,0.9352857672399876,0.48272999080872064,1.0419258806860123
0.9498233836039748,1.1046537226118718,0.4932014755537413,1.1329944287765379
0.9957028547055631,0.9972967475696833,0.46427621108006084,0.840971017275861
0.9763804176461666,1.001000643149989,0.5152272054510227,0.8640813265644833
0.9465052757976264,0.9345113817404225,0.572636328434558,1.003623944014437
0.9920731504333445,1.0569631442553968,0.47114843362698156,1.0281957426084163
0.9283545958211588,0.9956720317222902,0.4856513725435388,1.0381039916773185
0.99604374341295,1.031573102588766,0.4296423021954676,1.1378193221458426
0.9742087052888064,1.0572206649981903,0.4791740362221911,0.9210375667449017
1.0532038199661433,0.9705132813864608,0.45839326746888476,1.0512527020492322
1.0236472067109192,0.9663554871918156,0.482605362960613,1.0001915683087674
1.0719072775521976,1.0758185884978617,0.5414321403701031,0.8218311143103318
0.9437284259480649,0.9516980008852908,0.40929820760726504,0.8382944814216363
0.9835655840985812,1.026496460746067,0.49386191810135965,0.869215720265781
1.0359119938727028,1.0351829305763356,0.49119075534247597,1.1012669439100045
1.0201953691687442,0.9760791774565787,0.5572938224529626,0.8885624710170421
1.0135538396729098,1.0508029379271102,0.43495713356072874,0.856935283717309
1.0306742377486873,0.9490154794162272,0.5150161170777724,1.3059434073897012
0.9833646146030984,1.0167317245415342,0.5377903560845476,0.9713098062022755
1.0159518359335262,0.9135022269592074,0.5501536137081043,1.163204865224452
0.9261162849820525,1.026642708453711,0.4400716276613373,0.9922998612317613
0.9657519234979686,1.0970170778564108,0.678248655246717,0.8067201005244109
1.015219297327586,0.9761399803321705,0.4805806705691662,0.9778580753325731
0.9943433434438981,0.9892841616836023,0.41124061918659216,0.9972093479978584
0.9739178315592153,1.0100569261715675,0.380094755941075,0.8475951500814948
1.0039587828775183,0.9266214938003696,0.48987891784532717,0.9849155818436434
1.002651479077942,1.0195923784952465,0.5411281649195718,1.0970738482755609
0.988212318534345,1.0192756115651813,0.5232809399957418,0.8990476307813183
0.9991965833763616,0.9449814654691939,0.5214908701835258,1.059973809275139
0.9609176377934061,0.8643087627617866,0.5104960993778159,0.84547962251303
0.9995470464592137,0.9501590090930228,0.4625130962219757,1.2370681036764892
1.0482836832352906,0.992978956389102,0.4341009435211297,0.8452691662535329
1.0100742906894038,1.037245172511272,0.4508539555363191,1.139606382078243
0.9652043772353271,1.007595271453492,0.4463517412303335,1.1620907449589593
0.9880609497075945,0.9862210012934645,0.4222321638614126,0.8408613538064642
1.024624024360934,0.9988338948907947,0.6165486609015235,1.0358717201804202
1.0440872340467486,1.0511904964934955,0.4380344349575173,0.8783198490223026
0.9512286824847532,0.9976922670180246,0.41169240238670585,0.9428092068476123
1.0349661229268008,1.0074388818946296,0.4498547362105308,0.783553863513057
1.0143424634447957,1.0891443637031224,0.39969677052277325,1.0999210555174685
1.0147200576734234,1.0043574317496176,0.4593025309529162,0.9986273289293003
0.9824647708938891,0.9734481151384611,0.42446504683724867,0.9982703046827118
1.0364156049557163,0.9540643921277951,0.622014301458552,1.1624725672288938
1.005859696471534,1.01416013391014,0.44365202632536244,0.9974957267298522
1.0240961901849766,1.0145728440162978,0.5706607834506641,1.095154303008094
1.0240855919108791,1.0424502990775704,0.5384034852121926,0.9131402846936632
0.981310454370212,0.9618002458248102,0.5230278507330832,0.9900426599873251
0.9567892249473888,0.9411283871712207,0.3351297719726996,1.0004356468985303
1.048576691534329,1.0135129227467135,0.5314630060808232,1.0333700702016357
1.0264662479061903,1.030351811756023,0.42384889642454987,0.8507129028278864
0.9973718971204544,1.078006010513831,0.5793965855330255,0.9175133816541415
1.0174837735764175,1.0618281889009014,0.4253416132668453,0.9966759239794023
0.9736885706832752,0.9641347435155175,0.5333585324781603,0.9453795039724595
0.9745249080427925,1.0003146453721985,0.603642939254642,0.9110460790407504
0.957716873888973,1.034387343068377,0.46829285612218363,0.9428307800499001
1.0136720042217795,1.0153645190354943,0.47291849568521654,0.8588768778645715
0.9985893361910382,0.9860595375867279,0.4227285789511592,0.8623897736036443
0.9863539810927291,1.0125756741376968,0.5516457134954689,0.9741330656048394
0.9701457766950179,0.9974762132650689,0.37753894809748184,1.1166055799921522
1.0641526890125987,1.0000404436700965,0.3626894360553382,0.9532722444399204
0.9849546335002769,0.9597476466761036,0.41832212576809574,1.0699711395839595
1.0028264933827171,1.0009220431906656,0.508387831140683,0.9028665294200445
1.0051923593792178,0.9880983287747305,0.4300453643556442,1.1591923156515265
1.0029513344654515,1.011808441982672,0.48197399391559353,0.9587252967692166
1.0148076764916292,0.9390422354133544,0.4645306724864938,0.9640886703624547
0.9445051757263159,0.9642414756808642,0.3559842135484125,1.1387783410823091
0.9542073938033849,0.9925141751277955,0.4262340470287556,0.8596564346534208
0.9903283675903345,0.9897074893032339,0.42280078909010793,1.0455179366145269
1.0893501732605608,1.0860420034188834,0.46375209203444834,1.0230013728011387
0.9854171959330024,1.0379580316404664,0.49301661147652875,1.1086678034075386
1.034518631947971,1.0476489903223518,0.5622421343367621,0.9498683452106481
1.0304566241786888,0.96566255886528,0.5211331398184944,1.0233929546839595
0.9776874367585177,0.9698776483950386,0.4112107950036546,0.9300491869692122
0.9307053024124822,0.9177243196686728,0.6486851262817398,0.8618639744097476
1.0264908968982456,1.0898844666963996,0.5452550779347098,1.0177119725989798
0.9861741872992519,1.0240543857254378,0.5390305727290412,0.9124527763193875
1.008609967328824,1.0211386189858753,0.5656198819457178,0.9983152038960764
1.0116507855097594,0.9315260397130757,0.537507090995612,0.9658402553717848
1.0147766217460679,0.9120799041628328,0.3947127201754218,1.2050388575893205
1.0413008156766939,1.0519260973159437,0.43888864769832636,0.8411736107828508
0.9404233266680007,0.9980069945445081,0.4770880115852437,1.1299405800206255
0.9973017911192584,1.0034552636249847,0.46726394241930025,1.0964623110077687
1.00059667443044,0.9807185841438336,0.4694982448422051,1.103987268974724
1.0669707720822177,1.057954698805115,0.4273089114103989,1.0512375995537757
1.0362312600079489,1.0185872629820176,0.4780995351483647,1.0925822668898213
1.0246067442304425,1.0772361142670663,0.5496658987182267,0.9009403700902212
1.025712628460305,1.0241931666380606,0.58651023903405,1.0507107978643973
0.9929991032598915,1.0895302371163207,0.5050623744162634,0.8647077002153964
0.9508745742293864,0.9609343048156783,0.5756380900092842,1.2658626617837447
1.0427647285777732,0.9839172018870631,0.5583858145741089,1.0181971234793579
0.9992420406628533,1.0286448036569342,0.5512221951048047,0.950282310762419
0.9898998818519338,1.074085564310713,0.4105689263252226,0.9263450588809038
0.9405161420068469,0.9938334765659979,0.562733968036009,0.9239470482462512
1.0126482535938506,0.9752306157030767,0.47833037185937927,0.8577954310611434
0.9540109284517044,0.9392975559108196,0.41155278708221543,0.9261881160911266
0.9612356400171378,0.9662762337677939,0.5364610041861874,0.9047631887382154
0.9679071179130261,0.9438499525760237,0.5349543237833397,0.9759508832521789
0.9251509967387389,1.1108863976027412,0.631686849643378,1.0397318102286426
1.0245360633277125,0.9855138868145749,0.6176649748809417,0.9735276665173075
0.967711327066575,0.9858837672950189,0.43327106026091194,1.0455330349387686
0.9558007845868942,1.0333933024477273,0.42963072332046803,1.0068612411460562
1.037765083804459,1.0266347421760627,0.45167034588876936,0.9169997149173383
1.0158046242450554,0.9980395266096906,0.4556315506480609,0.8371209004096426
0.9308695838452876,0.9466017246336719,0.4457558276811055,0.8812755412557497
1.008297144855991,1.020642754607717,0.4630265066151742,0.8878142148473424
0.9870326994757239,0.9636304076308074,0.5038349507426417,0.8473366566509624
1.0644667331842745,0.9701783907690872,0.6506352769335342,1.0854346086214306
1.0098089167917026,0.9893004461833904,0.4334548078097554,1.105372833921863
1.0041598556179374,0.9621168804046317,0.42989307756446093,1.1997068673801548
1.0007773964877493,0.9640563211268242,0.516709743565021,0.985775016536562
1.0595211152340194,0.9995679831797394,0.38638308223158774,0.8465711847825685
0.9770118648996431,0.9839125952519914,0.5056580959859797,1.148010369381958
0.987410943836158,0.9524369033642192,0.5480148979297664,1.0832891247635519
1.0048145734911202,1.0133087252865758,0.47494563297930403,0.9638048155178743
0.9657805272922385,1.019132789538555,0.3904048370435533,0.9472013634838045
1.0361216506395077,1.0083836900305478,0.4809659953026175,1.0196113490625462
1.0235797745305768,1.0050082920664634,0.4928173016953859,0.9451369590278454
0.9227802282782156,0.9405991129618835,0.5065866195608658,1.0354213815000388
0.9646487090963894,1.0042762981600337,0.6881759043514085,0.9628624568174174
0.9580500993220197,0.9697156929632988,0.5267812221268934,1.2332229558772345
1.0271972901192319,0.9817414113987439,0.380054963851723,1.39470853159047
1.0177479603608088,1.023183886715151,0.5360207079297976,1.3100639607513676
0.9337613393135845,0.9827978648776776,0.5542788218223649,1.2295459885394042
1.0199561359727682,1.0519122586649161,0.510756410770871,1.0501889183704802
1.030278884948195,0.9779004468623205,0.4841177279573662,1.1017141714588026
0.9855599242315537,0.9562431177545955,0.4289893448092913,1.2134822690157838
1.04271100480485,1.0329399979465315,0.4287646698366507,1.038811655239056
1.0230712866321237,0.9402937083292334,0.46440625640640226,1.0291857756306615
0.9898931468340917,0.9872134008036543,0.4410397447067495,1.001827314600709
0.9727039422035091,0.9857178596956151,0.606896829870054,1.0886647436267496
1.0027609600475527,0.9660394928104722,0.4776344565522618,0.9993635080132163
0.9138142652808378,1.0803698238881578,0.7070014240230754,1.0782401665132622
1.023596904778979,0.9302885515294675,0.45542386373902943,1.1129697217209704
1.0153169599848852,1.0807374450316336,0.556824779050002,1.021849472614462
0.9926876941895213,0.9592324518159883,0.34810411543266634,1.0570312806498647
1.0251844293726928,0.9865248753705304,0.48395918505001095,1.035598192542652
1.0056721848717751,1.0041966103126772,0.4702053302838059,0.9033038839608257
1.0234490393312714,0.9423378703785623,0.5015676687416059,0.9369746200305056
1.0093492536516242,1.003960715280794,0.47781200465656765,0.8906047352455989
0.9819019725543405,1.0077257534741741,0.5186191465992213,0.8662218137612727
1.0352385116314256,1.0178410341275905,0.39632143395259173,1.0340631317849125
1.0456381726122272,1.0315768477814453,0.39717784072872336,1.0801689104028973
1.0910515465681314,0.9765195429068052,0.5550907977909507,1.083028186501135
0.9830686618387992,0.9698342844135734,0.45326636884003874,0.8084488191009628
1.0418487132221836,0.9650000490672764,0.5792511163456063,0.8897787855804643
1.0329195281270203,0.9482399157182418,0.570854169339344,0.8879370435649895
1.0287985336798628,1.052497719421956,0.4684192884449024,0.9039831362162909
0.9571339651356972,0.9519495473184435,0.582378021067832,1.0186443356131987
0.9558108448899528,0.9208473458184139,0.5131623794485092,0.9890586479140839
1.0269075278072037,1.0222216729130598,0.4577922567527461,0.9878852404495064
1.0136534567857847,1.0217410770916955,0.4821716863546622,1.0136729517012233
1.052531035544354,1.0257963909122787,0.4593674063344782,0.9463595846416661
0.9946131645610592,0.983006129634226,0.4222314620734769,1.0182488067394622
0.9768051564763881,1.0603257527200542,0.5748347842867777,1.0336749207865563
1.0130133438069673,1.0868790069155942,0.4690984233366745,1.0916584143568553
1.028162680607288,0.9648746405936514,0.5240217401938327,1.0444866713782397
1.0193814677550002,0.9832412136661239,0.25414649108120596,1.0081620508783766
0.9645706717020943,1.0164274656571768,0.4981911917590072,0.8753498878863913
0.9955231876119254,1.0133402045316333,0.6860488423045497,0.9915468034833587
0.9762376920747605,0.9997125507140621,0.6105652188038773,0.9150538133920788
0.9947498939578064,1.0197131863387525,0.4645113340712179,0.9670059279973096
1.0118399351009781,1.0488903361109019,0.5719116492429298,1.029207028377823
0.9882686594437923,0.9612980497673907,0.4945870001077587,0.866369720117221
1.007554012957988,0.9770608010955627,0.44020163594902484,0.9398968613521257
0.965784054637515,0.9184235448410834,0.5037505981806534,1.0419479329497927
0.9874371081769363,0.9830632138089718,0.46409355183663775,0.8489718491177533
1.0038258217296314,0.9643366039564968,0.494308996037319,0.9574243014947346
1.0141436452068895,0.9927587211755562,0.469242549275299,1.2355020544173287
0.9768953649795845,0.9506793315387845,0.3567878050207448,0.7849399674348196
1.061879076135931,1.0343706301996138,0.380259222665774,1.048191785214575
0.9843750963724502,0.9319799389299601,0.4246890865580458,0.9669837074310013
1.0286792879433457,0.965000813515302,0.4419859956349738,1.2033136029596836
1.0198050896761799,0.900316251273039,0.4608838324015745,0.9530581995999277
1.0203317350253296,0.9287480753167545,0.5781194261602474,0.9065416270448109
0.9789879753152025,1.075597823449658,0.5912296064937848,0.9552316236369345
1.0229801474648845,0.9971732256390385,0.5047242340684798,0.8384468309058786
1.0087583056180123,0.9503660670726055,0.5962746453592722,0.9141791203687102
0.967119042280573,0.9967371390333054,0.5864828321981781,1.0313588810461816
1.0759201229319342,0.9380051555901364,0.43424551975890113,1.013432782616424
1.0113260424369686,1.0370227279130906,0.503461869862873,1.0540132374518274
0.9375947650264925,0.9776086806412886,0.5314244895631626,1.0480454115162283
1.0018496813312292,1.0030661915794492,0.48013866506081276,0.8498672309116043
0.9728205178090796,1.0626798455794058,0.31077887332500725,1.0669953587037986
1.021818111552364,1.063687162939796,0.44696266581608823,0.9873205248019387
1.0160397201132025,1.0004767281433609,0.4381361954366789,0.9538577440596193
1.0099526699516579,0.9804507396256377,0.4937431273250333,1.1758881107579193
0.9622251910995749,1.038207402374623,0.46879515877564076,0.9961711438715907
1.0280510482591714,0.9541526172194568,0.4147734204277208,1.1382359697733058
0.9672791215930108,1.006943158690835,0.45366683814630576,1.0807822221617052
1.0320531927631822,1.0018626786145568,0.6263380069142652,1.0605273202093235
1.0154574656460214,1.032353963615966,0.6443879351470211,1.0753034929947178
0.9297230047950991,0.999288619088452,0.561021605054552,1.1286432835018532
1.0477492930837526,1.0057427458427404,0.4194571127105365,0.8942409954048007
0.9445399487864201,1.0130040758949768,0.43465450004849504,0.8720358088253505
0.9736939118176283,0.9425205801353822,0.6047534055402557,0.8783211531597916
1.0221655166397512,0.9467980275613496,0.3023560642999593,1.1416884747824942
0.9457209766188499,0.9391399458662011,0.4828700970521325,0.9502052354628728
0.9933103438381989,0.8994473550610633,0.5183983345636942,1.1155831978137072
0.9974452291352401,0.9015090856442876,0.41727906648590624,1.0745948801148475
1.0020252331947423,0.9323239190668833,0.3920853970386661,1.2125461492486134
1.030282477348112,1.0242962169643333,0.521811871632218,1.1453102041775103
1.0381094651124592,0.9466280919340552,0.5246394633878663,0.8527030750261883
0.9423470679962048,0.9399689322794123,0.5372453154499129,1.1872967578145404
0.9994574774632711,0.9291954741392804,0.524932874746978,0.9415521551778101
1.0049216166232444,0.9917958345721445,0.5071047579910176,1.0547115029536474
0.9334673956716223,1.0184781986077838,0.4399201615144503,0.8737481413897702
1.0089842798374984,1.0367145631128165,0.6675110876483016,0.9119201739449708
1.0237493913108402,0.9772270774845935,0.6202297946790051,0.9642527184282392
1.1051839906931915,0.9196835204283624,0.4852903629365892,0.8103751772654632
1.0208676608029477,1.051288950992403,0.496624588097873,0.8329812739608905
0.9744487838697008,1.0376110322656742,0.5041191747333195,1.178051261243667
1.0002218302097408,1.0615733939174938,0.5979831314371721,0.999304645667169
1.0094970957459857,0.9609866956613273,0.4669240355520102,0.9466939569420255
1.0548206299904839,1.0002323202552685,0.32090732092851953,1.0598485325179625
1.057647453167575,0.9708489030759985,0.42988738611608823,1.1785981474594251
0.9879895741077006,0.9949853133918869,0.4357066752488355,1.2836218252317315
0.9925964503877307,0.9578547274278826,0.374659319519939,1.2141603116698856
1.0409122398580977,1.0016848225003965,0.381309189601359,1.0071614685918644
1.0102591627743385,1.0771489807192942,0.4551525169981172,0.9404110772614551
1.0066171478747459,0.9665584279837559,0.4850163781422116,1.1437073718654152
1.0035145913114893,0.941286825880506,0.6387940080119108,0.9136793862820634
0.961663986568745,1.0884170580560262,0.7079750485900747,1.1671087674636
0.9963382940537235,1.0365489793322777,0.5645831039658694,1.0453882837664805
0.9739978119220051,0.9509663553117909,0.5283482305589317,0.9487164832653459
0.9420277101341029,1.0152276285479427,0.6510329354488248,1.087064568703921
0.9874845856330166,1.009150812831668,0.5702079194208096,0.9539675701959047
0.9827583048380664,1.0133263698155741,0.5828212798432348,1.1618248715444541
1.0142627711213583,0.9836296773462312,0.5322528031390535,0.9564940624962811
0.9906543261930248,0.9825957461710004,0.5437639536668389,0.9862724997888297
0.9805943196575823,0.9840508394749712,0.5066187217855284,1.0916690744012005
1.0147444541492252,0.9653564689041753,0.503558809319501,1.0453152173617577
1.0087591284926596,0.9688978126606206,0.47956173263864227,0.9215772084100327
0.9738767981516195,0.9320487554251693,0.3999427656972188,1.0084737831313875
1.0209704191059725,1.0345227371972239,0.5693652005122076,1.008696010599273
0.9594176705433459,1.002152028699994,0.5051242203562782,0.8716897228080955
0.9966883752049929,0.9089135021418677,0.4435611292586595,1.0932324941268163
0.9986789480029787,1.055423138039282,0.5724373559737969,0.9997888250992097
1.0099256474604774,0.9532079019255958,0.49945832000947865,0.9340519651735227
0.9702816567183795,1.0170021091952652,0.4853695760962821,0.8867320755030518
0.9949075869486323,1.0200938048643142,0.5162340148671886,0.9432971329794304
0.9373640297238361,0.8935775331465042,0.3457999359792359,0.9071313010343479
0.9646738243590084,0.9300126669961519,0.5892242267303353,1.0673999457286647
1.033826427045439,1.0101369551457209,0.5534363735322327,1.1860147452447276
0.9903552043539722,1.0215663758140958,0.49950797820398624,1.0279919236484452
1.018478410660658,0.9889263782208714,0.47086651554622055,0.8374782872431227
0.978210660863859,0.945004437496169,0.36115735555329975,1.0288504195491808
0.9782097357969868,0.9269054132589318,0.46409462705491716,0.9195646775623714
0.9885968648920778,1.0745351664749276,0.6320671633195298,1.1445296669837988
1.0081941277835627,1.0192709396651902,0.447892966561676,1.059685699119338
1.0402463599587202,0.9795985037883764,0.5595819496037234,0.8358693454693487
0.9530761929422743,0.9980653943179681,0.45985051995933673,0.8441355609801363
1.0278950085992673,0.943042122780799,0.5792426765180184,1.0491611504679628
1.0951085316980311,0.9313994168899331,0.43085180254925126,0.8738725889162542
1.0067776378970283,1.0618397491549767,0.49338345017984164,1.2606704102082127
1.037333824762466,0.9768343137945601,0.39367815244307763,0.6714461674812552
0.9729632707155672,1.0708204015365799,0.6135187103611087,1.166234680298672
1.0118988638259834,0.9777254415193958,0.5346102641135556,0.7149463843870559
1.0406022172974836,0.9962075294301802,0.5441662084007957,0.968997028351804
1.0365601174874766,1.0781468035400628,0.4863842386322168,0.6705021871360312
1.0506558475269832,0.9342501326606737,0.4359001373262979,0.9732117482816046
0.9899283918481648,0.947495335765192,0.4624028843866038,0.7738118501830574
0.984669690764148,0.9611819558625464,0.5948664106219264,1.068247530002111
1.0194153859164625,0.9461392622590817,0.543315458444392,0.8826400105672345
0.9632948243040351,0.9503338294324855,0.46071942759427315,0.9921642875983149
1.0064351597269863,1.041030281184347,0.589024254893629,1.0540322769393358
0.9309340197869596,0.9120522613437413,0.5339898074860342,0.9481205148471716
0.9688446661558499,1.0401322281431704,0.49439050609213847,1.2356688179347213
1.0500639370246718,0.9835250892312366,0.3722700432613045,0.8885610559474022
1.1275641172106803,1.076640764331178,0.5304339609683516,0.977910523466865
1.0383026534447855,1.0702083054244758,0.3651035974965193,0.8595274406997935
1.0268290825008235,0.9792631233242457,0.5223276152231731,0.7562529831231005
1.012305828075773,0.9090466423251834,0.4807760830300188,1.1492446108484555
1.0499728267619755,1.0331174459506927,0.4233766639205615,0.8120038386143026
0.9885940564980378,0.9960531558655806,0.4436455089946101,1.2020994067570705
0.9901410546952961,1.0940181716756316,0.38682613119883724,1.0700703453417977
0.9971357143072883,1.0368890678771936,0.46418840974937164,0.973176673055214
0.9599034885500441,0.9257612546391425,0.4735292230016237,1.2113625829472972
1.0629215505998122,0.9662051725810759,0.4882175588011717,1.0394146578025276
1.005665435174919,0.9972608843359532,0.5792306249887718,1.1049990991839322
1.0000390385790925,0.96904341729664,0.5731964921068593,0.8166336851643219
1.0261075719394417,0.9500223592588624,0.46226927358219033,0.9318453853757148
0.9444923100968435,1.0191197656558695,0.5414644065576043,1.1863981765727
1.040650583431502,1.0173433951103281,0.5497919390276893,1.1754948515395933
1.0177576510451967,0.9954024327686768,0.5705826170833906,1.1213483522363472
1.0102326762286824,0.9431285712539468,0.45479019250807634,0.8766805662738079
0.9337801234800139,0.9382183597997305,0.43714903356841517,0.9990698598614542
0.9985025478917174,1.011232528375106,0.5885371845159793,1.0108356735405903
0.9695835119257361,1.06426868179444,0.5600167777519554,0.8908901854897865
1.014919164439672,1.0522525328740648,0.49756698274491085,1.1353047810883676
0.9965517394758637,0.9858629697873931,0.5085765291343656,0.8422320333484045
0.9813676630715437,0.9781382978891605,0.3990969490000367,1.0949293638555322
1.0433414909624437,0.9777064057908263,0.514000107792836,0.9675091221630704
0.9408482929256623,0.9920787078199959,0.5169161306880283,0.9200528691747741
0.9771021899010306,0.9334079561982679,0.459644353616319,1.0173499539776398
1.0206734702373703,1.061693622831081,0.4101536362454921,0.9622693996116193
1.0403024209955571,1.0042939723114213,0.5798340260529427,1.1432641132291952
1.0329639869639855,1.0376018480505993,0.4589413475678157,1.1403784511563282
0.9648588953855793,1.0208990183015467,0.6723402754161527,0.8596928028185691
0.9358804319170698,1.007178700348503,0.39479013241501154,0.8725490540462933
1.005925159775841,1.030649966442945,0.5389075552954281,1.1152382082602763
0.9895300926787176,0.989375453423195,0.4679250368832835,0.9115458137704805
0.9657833995305077,0.9899604784245407,0.5767039749043843,1.0255182386711872
0.9438011886261689,0.9649495019968867,0.34599303388723973,1.0575585975833897
1.0089083512421906,1.0391542308318507,0.5743434426971481,1.008599155894739
1.0475488692261725,0.9801387409136353,0.49442309437748216,1.1161869425765472
1.002754928462787,1.0051964655368104,0.38946889820052966,0.8229476455449194
1.007870329355537,1.0019083364241215,0.508551860572338,1.0934358193609601
1.0534393931902517,0.9940740741244616,0.39535733049158134,1.0343338240884516
1.0366020280969732,1.007426011521782,0.5489887725901588,1.0179398313772803
0.9744036528334057,1.0106759302378252,0.4177827073032637,0.8238899526770578
0.9132424179518848,0.9756813089196693,0.46883643302582595,0.9487406170363942
1.0252867964921024,0.9303661184924737,0.5557232159032789,1.0743041550075894
1.0375087279695632,0.9994597869695724,0.5614997719288682,1.060949333951228
1.0264429727053659,1.0164192752318253,0.4073226333975731,1.1957394080643133
1.0343842760310646,1.0123544522274228,0.5350505799407393,0.7443628229847522
0.989229130819733,1.0607136142598308,0.5847495536504392,0.8956473066939932
1.0184161495688357,1.0617459148763413,0.37524491909685936,1.102690828320473
1.0132284273663288,1.0732445212263189,0.44393677206645377,1.0231472924299272
0.9779941381006526,0.9705682178833719,0.5306454027789912,0.9924911098116014
1.0196143668761695,0.9733680772988292,0.4978362290633414,0.8655783635550061
0.9261732793002481,0.9896981188999047,0.44294076814871897,0.8881706964204752
1.0264360539069264,0.9780289551821704,0.555231823588212,1.0372219765163397
1.0607891202651862,0.9708686754149662,0.42032095638036754,0.9112676464589401
0.973900917527507,1.0050631373559071,0.3808540113192533,0.9474878483577268
0.967837200812155,1.0113003486703962,0.5908714545884751,0.9938149700720175
0.9764474198298149,0.9663061967175207,0.580862467871324,1.1722055132032108
0.9669630863824525,0.9710641050346392,0.5527183469465338,0.9703374425909127
1.001326529738047,1.0266894135290927,0.5722426807246029,0.8573875369907362
0.9365543578809593,0.9538265900324018,0.4214515407896119,1.0618674518923188
1.0508894056176439,1.0239764574023977,0.5465464406181252,0.8739780649623233
0.9627752350209965,1.0036428931685595,0.5044974451253257,1.1472468013244297
0.993838121372334,1.0306127006523267,0.30945030253287054,0.8842985744009899
1.0304158537411143,0.9172510109822497,0.4747319823246178,1.1327024950549485
0.980573287198255,1.0334739860205073,0.4667991895532268,1.020554451232123
0.9839564161674872,1.0355735605309466,0.4848869191723688,1.0487084834404166
0.9511856630243393,0.9181968346736945,0.46372782768787774,0.9046080135055791
1.0200071150326648,1.092353461381092,0.4989051205589747,0.944544406738143
1.0134029802889868,1.0808593431273306,0.6475277126126697,0.8757502420860563
0.966795846821904,0.9496196644717474,0.5909979110474712,0.9822020014531487
0.978913733768425,0.9633910905281007,0.5565081230905653,1.1523572218125704
1.031536680190634,0.9949953248911807,0.4367899626023746,0.9905289005121751
0.987992416145553,1.016541085576333,0.457160093869789,0.8745140545222295
0.984943683619283,0.9236938584016888,0.5048348025531667,1.1944437007376214
0.9545025724439016,1.0421096005572466,0.44767944319062,0.9572364732681394
0.9900183724054101,0.9187461482861466,0.5380195311449242,0.8551900328917362
0.9728457363787663,0.8897542412870298,0.5523747983223943,1.1411018003341395
1.0698573197174872,1.0063060599400748,0.5129080560915579,1.0763774071167809
1.0140225699137584,0.9460023466565327,0.4000313144155646,1.1631950449950748
1.0184260703448578,1.0183761333266712,0.4604596734912926,0.8353578272008738
0.998258671555682,1.0087047681009953,0.47072785426796815,1.0320423557530212
1.0010342166054484,1.0068778034164159,0.38876244122747533,1.1226634643069255
1.0043087590643962,1.0672826540144589,0.5545643714326753,1.0668349767041525
1.0154415407297266,1.0028979629302746,0.47952479657348723,0.9789059989571814
1.0025223708907745,1.047345149351854,0.4030463963540681,0.9414705120750622
1.041122080465909,0.9798669741954679,0.42623739372662556,1.0401083221622374
0.9974185977651667,1.0753249534983456,0.5103532159875361,1.1263455589224736
1.0054188121261007,0.9803322419934893,0.5193162593011176,1.055910222148571
1.0001978896894606,0.9922484782251547,0.4587223489834602,1.058129497214361
0.9819284559786108,0.9798699676718683,0.43387228460373795,1.1103214869343392
0.993551337879168,0.967131696236816,0.4951314793735014,1.0187393017770927
0.9923860017976986,1.0949236868566163,0.5938758121367705,0.9033553019826942
0.9451196317861299,1.0735091677502704,0.45682987010161624,1.0757801752526148
0.9621857342865292,0.9740456040312608,0.503691902859249,0.9802694222872864
0.989160323912436,1.036860519005056,0.5347819748973385,1.0408819234295128
0.9981593763438841,0.9506648069893815,0.528333052804935,1.1453560880943494
1.0344258549172967,0.9595754039147031,0.45102542511605226,0.9393921682385549
1.086481629228723,1.0055420392361176,0.606148692010051,1.0159881615094588
0.9172759547127721,0.9875149320836777,0.4682262992638472,1.0239528392595083
1.0277532239503882,0.9662369962574919,0.6336995679354046,0.9692030647211574
1.0285125110051994,0.9464150107799549,0.554334301490915,0.9378576609649251
0.9898537874130142,1.0834691952842064,0.3697531297587551,0.9679834049189026
1.027771174134527,1.037816773521883,0.4469586408096173,0.9650468980933838
1.0077013638925856,0.9633635368135005,0.5767930807144971,0.8306391065594768
1.0075324363772242,0.9535120157578378,0.5406793165572216,0.9985319204092926
0.9591870084948418,0.9370459058831,0.47366266501807186,0.8050765427975594
1.0068038024624406,0.906122038208788,0.4779212444153453,1.0333844302930668
0.9977266977462528,0.9230616067354429,0.5640917879196932,0.9665829340385496
1.0497075819863575,1.0182116255857951,0.5436207525366527,1.0532194163901865
0.9824795300955586,0.9422519884930095,0.2903485961566783,1.081917112080048
1.0389641307936803,0.9496423872185424,0.5314762380734935,0.9327658198623165
0.9892992005928478,1.0064137637439712,0.5799370853519437,1.04519237142277
0.9520763350528367,0.976010813357543,0.4975273347993744,1.0595897192032895
1.0184325320599938,1.0151777698374567,0.5523788772799587,0.7994823101553846
1.0337227734854861,0.9859964425541459,0.5305259412126713,1.0233331523011773
1.0207942531142304,0.9841536368652377,0.4814071233521498,0.9964298839998362
0.9738796181632061,0.9366977352620295,0.43148217830372243,0.7744456586826264
1.019719061138865,0.9969091082241806,0.5795679493221048,1.0509546367986629
1.016166281605406,0.9489297440372935,0.32130596269945283,0.8620685880768787
1.0675991311378688,0.939129222761801,0.4771110321951309,0.9971495182363621
0.96134157975845,1.0051582735910913,0.5492796847994782,1.0203739872631792
0.9916983378094111,1.0005947201715113,0.5249948789648654,1.0281495220203123
0.9991139910873446,0.9165586266200544,0.4390770581789516,0.9661301028919309
1.0092132482465621,1.041192961262189,0.5462521102001064,0.9577946598105761
0.8976527183610977,0.9794791908188907,0.36680459420577793,0.8888875542723071
0.9995628501096039,0.9646187315261523,0.47081660876364617,0.8809277825071054
0.9483786786103144,0.966519119365723,0.5931805577357437,1.059195083365738
0.9706594502155511,0.9935911424501617,0.5493511162921321,1.006299295185198
0.9599397325844593,1.0333411803738448,0.4377328337539599,0.8802009765491211
1.0244436459569475,1.019368416834541,0.45182172569411094,0.9243424706305644
0.960746695170294,1.0103554527773984,0.37624232983137,0.9237975545432003
1.0243682510021621,0.9890731278736947,0.43883273879854023,1.1381304711139129
0.9943239807087342,1.041997738392403,0.44350413254490806,1.0432951934645016
1.001418702180729,1.0170202962746206,0.5473765948907062,1.1035802672580346
0.9955584718752651,0.9937372659483099,0.4718673711476389,0.8731962034235984
1.0355896790370214,0.9739845198866082,0.5255847503717901,1.0954064685655496
0.980426108133705,1.029534131084064,0.46351359616085425,1.0876418806008663
1.0087233314970199,0.9792118928395634,0.40822468299879716,1.1319493310918698
1.0673778788667785,1.016033661765334,0.5057144019425525,1.0104906366826307
1.0186300261990626,0.906944824220058,0.4033313833027942,0.9953512222738152
0.9910141163689157,0.9997649596719579,0.35072145434195373,1.032726171615521
1.004623373554353,1.057433310259863,0.46204065921723597,0.8536125271370032
0.9605594376410496,1.0043468534043931,0.4189277629978717,1.0905711682008206
1.0042759067428941,1.0564759006428701,0.5037156251578045,0.9363138309757673
0.9761262079434393,1.001589334385969,0.4643834046860134,0.9143440347123477
0.9774697817282881,0.9352189506111157,0.38585573908665016,1.1050399933757042
1.03048736299576,1.0276868798910161,0.3532856536761211,0.86028162090726
0.9860822044545715,0.9852310207350251,0.4525910228013336,0.8852351807046148
0.9993887568153622,0.9998997390861831,0.5484401378552788,0.915485996090815
0.9246756029631141,1.0004209268851454,0.4767248070855501,0.958295914081862
1.0092509746873948,0.9601774161419552,0.46577234518322336,1.0396907307295136
0.9750584481301368,1.0737653875481563,0.49551130882029165,1.163562029773181
0.9641860091540909,1.0079189752671358,0.5873608934236257,1.0374376958371796
0.9504728054917386,0.9566787775567955,0.5081269163384694,1.0400604209411353
1.054511744146787,1.035229134067339,0.3773796398573786,1.0562533233061204
1.0052676301421684,0.9560906369796202,0.3610865426163198,0.9882008983190911
1.032327093627271,0.9411912617721178,0.44128237348419547,1.0719836002423204
1.0405414227662524,1.0074004288388347,0.4691949148195076,1.1909928446275004
1.0145104999279446,1.0122830794457358,0.4694113132941053,1.001385869661367
1.004646396853284,0.9973030335849293,0.3488899735584591,0.8257998858170211
0.984655511835718,0.974287005162955,0.5029905169788037,1.2281991686309148
0.9717551559843788,1.0053082713069563,0.5807817073628447,1.022959975475175
0.972073198482395,0.990883099169789,0.41979799854803584,0.9497528913222572
0.9601987644659085,0.9673048287362062,0.45746721062880746,1.1937393646490813
1.0272789023992834,1.0130859141946478,0.5477110546533115,1.006294590016085
1.0332575079382282,1.0454672280433062,0.4916804741259028,0.9126110699274707
