3.0283427162173124,3.9567738304789284,0.3635983688746706,2.120899391951156
2.997392711458043,3.934797026634193,0.35904323323214293,1.816766825169554
2.992931409969112,3.855713117399955,0.4096785178699802,2.159082326042482
3.0190545691093322,4.084251838124961,0.3592646968022685,2.131539001606953
3.065495198178544,4.055376260923736,0.5066285062526231,1.889616563096772
3.004365501105682,4.161714013717917,0.5396649729378399,1.941029950904218
3.052112826826634,3.9876413435939186,0.39217001580106164,1.862336281157441
3.080532724461412,4.050046381334614,0.7697661519968605,1.6520142787960044
3.054758384690112,4.098166089996781,0.4664000432071793,1.7260833805413986
3.0061946166153093,3.862094211051763,0.47569173297266526,1.6220111031421833
2.962783780035931,4.049235291476431,0.5590234941186671,1.9889109278881083
3.009950192114157,4.015511382335435,0.5384329201380149,2.5557740044530624
2.998160536987018,3.8413152247048727,0.4488359574259387,1.7969160621208806
3.008280458629222,4.124310215843317,0.5829503492320351,1.5101395394415933
3.068996392165693,3.8953383022003494,0.1911728657463694,1.657688241222733
2.9851265316868036,3.8566033656175884,0.504061926866808,2.080194789024077
2.972501986910381,4.107486286716393,0.7915597790393262,1.7333106933166351
3.0699186146113564,3.8914531996564445,0.5690221210573682,2.154176653910428
3.0258896603276235,3.9297100265959815,0.6402264947745664,1.8631549880196085
3.006441870373541,4.107740373535877,0.5329205470760547,1.9834135428276307
3.0142840311382737,3.7705852500066905,0.4917464404371595,1.5332082072236326
3.1246406000874116,3.924599989561694,0.39801093215879024,2.136218963512476
3.008486257165382,4.032296221744144,0.3352854682419193,1.8314352269645773
3.069634934583692,4.06616336175132,0.495567151597396,2.306831045949573
2.996948817450064,4.095891898778192,0.42131083421141136,1.877111587715107
2.971856766805997,3.8995592516370583,0.5645640526155796,1.4483238265745049
2.984384744990958,3.9869338796001683,0.6708919890895891,2.1164400087811406
3.06385037425164,3.951149797773783,0.838716888884841,1.3181659283786422
3.043740714719032,4.130748527366333,0.4511428255692069,1.6331428122950953
2.9504860422786363,4.029880154512278,0.41731284236305743,2.12385813784016
3.061470595081908,4.074287234911678,0.667516627624041,2.122963310829067
2.999981876280912,3.8963173772727187,0.5439847441263554,1.5452026259338436
2.962749397280225,3.8404919361828744,0.5877139528476224,2.28818598678503
3.0334273260316262,4.054448604816913,0.6265491019012955,1.9185175751912067
3.0110083535263787,3.9563195445926294,0.6119604145510424,2.0994985677136997
3.0664465569019317,3.97568752250752,0.5097729518073048,1.7575301177262248
2.956010349183504,3.9769306213918902,0.24898362102200824,1.51113407581948
2.9856436654325873,3.849229083265999,0.5211415634951937,2.209375259946233
2.984070055184177,4.044440668130195,0.7097493627087996,1.830211325824135
2.9945637547591417,3.884788277942224,0.2993014594274,1.8615258787457662
3.0491443677158,3.898853322208715,0.3456071061911514,2.0732602872558976
3.0031594118819753,4.045560246973206,0.4088684161524082,1.2691133392386917
3.0679242985680713,3.8515012331426495,0.2497026933484701,1.7133658983067768
3.0348566910015427,3.9594760531551776,0.43399186088693226,2.1349486529759125
3.0287867968368034,4.039104862779232,0.4123088359623573,1.7936224181703642
3.0423507085330534,4.021057257116629,0.3338647962941872,1.5816648596883442
2.9766806230325082,4.117799023512642,0.6908619799847991,1.6313627014830707
2.8908208102347284,3.908612162323125,0.5086947829467989,1.7983370021177487
3.025551866695683,3.855206935106206,0.7021841573732115,2.0087068957787655
3.035285029026215,3.869490164420409,0.44895511362219936,2.360143853059841
3.019442222424829,4.098069789364879,0.35613896951788393,1.9273190668596007
2.990937738834635,4.141366141758798,0.649219503583054,2.1827074361334815
2.9404847248318244,4.055065228893546,0.6114976815662988,1.8425391115294787
3.0891763705494846,4.0501429443926495,0.4660366623847949,1.9401716611293383
2.999170078351214,4.00574997663485,0.7280336748623256,2.048576062358448
3.0560809452798114,4.04330134625824,0.33685371245907353,1.7388462683884245
3.101582844422152,4.003753750666392,0.7084672901038461,1.9538249375648307
3.052802055912245,4.010995457665153,0.6271809474207337,1.3983949669562254
3.0543893563559794,4.057419946301381,0.42888117037291834,1.7286039356166656
2.947802793695826,3.8701067736506696,0.41912268986874923,2.667788282306855
3.0334894169272855,3.9710007721436313,0.575823722694518,2.3077068749741825
3.019320101547124,4.048967869320763,0.531423703933449,2.04551330762852
2.95866747063766,3.877221274985673,0.7490040819879519,1.3569015254363068
3.02568850558091,3.897485911053824,0.5703446302154688,1.798215405089141
3.0527827213998138,4.0259923936176065,0.48102902936666614,2.763042857517343
3.0764475139492244,4.088194810375006,0.1440862337206888,1.520608827177033
3.0188633523454977,3.984634096331391,0.5519679700583062,1.486617812010063
3.097887236235939,3.959036936625472,0.6315032853154422,2.174990958905814
3.0147273974907614,4.168014657930464,0.36232570229299854,1.8589812458382222
3.023341255605708,4.059894008463432,0.6337013813537422,2.3314272651706727
3.043954398564617,3.8759252752765896,0.602117363075711,1.911873702701277
2.988624705817304,4.247893274442495,0.603314273381343,2.7863294918209243
2.9744017525472564,3.9709675314009796,0.28339768347052585,1.7373368133396214
3.0606056623667124,3.9515710210537556,0.41059705880194,1.8021673891334407
2.990682306256155,3.974915206756927,0.590258246866072,2.2660398264131967
2.991533299738252,4.003589016075186,0.4796881598983713,1.979209047678291
2.964589667669925,4.124393498152802,0.6396451840197699,1.8642916113503292
3.0037579157397287,3.837404086060158,0.4629175388661301,2.1475759806164265
3.0673945997400094,4.024646718328431,0.5024615483843817,1.4810535661885555
3.0558115723263493,3.8003061488455447,0.5396348687979216,1.528724771243151
3.0491004346302426,3.925014592017308,0.6332450010394287,2.0068331656813294
2.925528730816184,3.9258453553256807,0.6087127627140358,1.819896735831294
3.0342481354018553,4.046798822281557,0.6533883862075223,2.025561600166776
3.076619995230911,4.105807503597636,0.4017447810540434,2.1993567525534505
3.052639943686352,3.948622673455139,0.44573994659843585,2.3786329074079076
3.057828284225291,4.078195071163673,0.5293425940736388,1.741056760397456
3.032812995445931,3.8684090377582803,0.7144388618340821,1.6998413452206136
3.0573753852502827,4.252503100947854,0.45444533721095565,2.4376788914010614
3.017349140050653,3.9564770136276017,0.4120524231118152,2.014789374001117
3.0411472982937338,4.188057376525227,0.6227651903748723,2.002719596028495
3.0849604344059474,3.994222060238996,0.5435578641224531,1.841883264759895
3.0324034819783767,3.9551142080676924,0.30573620433154336,2.1428163785299557
3.0730469490573387,3.9208561300100615,0.33682227429175987,2.122068698421104
3.0450949420312248,4.023025541945562,0.22340542844508163,2.1518433622462863
2.9769036534545092,4.040425031451883,0.43848499696749416,1.82810908792494
3.046093012019716,4.000374592305721,0.7361982563588767,1.3739076364683163
3.00057710355716,3.952268314366747,0.5902503393659904,1.4269146761806204
3.0251247729000577,3.8377681504403274,0.5733801833381439,1.893685688985224
3.0191734637478858,3.955044667911187,0.3778774784067131,1.5736876256907495
3.017264384963303,3.9334298725531025,0.23033358196727297,1.9282957716554525
3.1046309120012863,4.007142195984683,0.5320648937244691,2.1238439815597734
2.9325612802229917,4.160863310437885,0.10446910705358506,1.7570791354520692
3.057145258172562,3.8988627680361896,0.6174959906434454,2.097635663926172
2.9941571265615603,4.005071975941223,0.40977774813021944,2.2689761468672276
2.9854159655502333,3.9100786107829295,0.36022102482705315,1.9461127700243603
3.0483256012238007,4.041673904832913,0.1263042645494101,2.0871693330904932
3.0555530386669747,4.014644830144861,0.3707137961723157,1.3780390637683668
3.028340439434969,3.8663265867613523,0.4648680496838279,2.1256290174118497
2.9573708196645514,4.081726183118192,0.5238282547198201,2.048050749235885
3.0368150355171144,3.944258940095307,0.7837528609879926,2.1848074074908306
3.0359398832107254,4.05556947430601,0.6130923330072167,2.2919032213319874
2.940755439838914,3.904484034334271,0.47243762970121206,2.152515278373487
3.0274246406092784,4.081906106967487,0.3974585887821189,2.0105275887478493
2.9739149857805596,3.825471428786041,0.5882767031281696,1.7436706859949016
3.0281732567443442,3.8423456620855903,0.23717735358991066,2.109750743769939
2.9808762179322392,3.8112631499030303,0.39979989042492,1.7759543613857396
2.9881390222898987,3.955695399587226,0.46495902109906206,1.5862337671824875
3.090797102323055,4.140514961872485,0.39771210449783334,2.2989925007425427
3.0801240460310217,4.108233620506123,0.5793810051006965,1.5764840214168876
3.0220090521087224,3.943991611289972,0.6076710367129102,1.8615238675224963
2.984797394546511,4.068552211558955,0.5030834711462355,1.7134074149969512
3.039179221828377,3.9097500060817327,0.410015608670769,1.5569802123493126
3.0772907781610064,4.178643693322172,0.5075653720293102,1.6235520505446746
3.022556095446157,4.022976389791648,0.36490794051823283,1.6042523728044564
3.0948556470824213,4.129750149957161,0.4992039755421935,2.3477310348264435
2.938640018955825,3.866133377526427,0.502032457371814,2.112935357512101
3.09832200995297,4.000527807729872,0.5476975615524928,1.7586309614972784
3.0110161426947695,3.938767678477104,0.29060659685559026,1.9767215434396226
3.0299555551692916,3.944143082792972,0.6410053149586962,1.7144025806682892
3.0282948497205497,4.075704290603606,0.3849340022750298,1.7594540640226173
3.0428899121050637,3.9321763407709622,0.7289453928187769,2.509591339319403
3.0033394597505834,3.9205808795501174,0.5202797763051513,1.7351896977554078
3.0923891458867145,4.182753638747056,0.5811743220748637,1.8413906822848785
3.0297533217142796,4.012874460022813,0.6729679977572822,1.7445661405630393
3.026119359107801,3.8058762077678203,0.5184730516675089,2.293765917865611
3.0004155021331904,4.077136633892072,0.37256241255093053,2.206523607459749
3.0192987568834915,4.074735569993668,0.5559028549248842,2.2614319660743716
3.0215671315781147,4.027784376045345,0.37519554308809666,1.5026392384546021
2.9553027632541915,4.309457490438587,0.5136567743634316,1.561389229997153
3.0199568865890845,3.821289009092058,0.41405648387915606,2.145177227698424
3.0116396431096937,4.1052627853262935,0.4930705463965805,2.2186026017282696
3.0022598686744137,3.848967578128597,0.6661091748244895,1.861580454987217
3.057081584636099,4.21609774394149,0.5939219369078768,2.6547721969424836
3.0762932132347136,4.10052871525942,0.5552949455245035,1.5832865225264423
3.018957753388682,3.8889530553369456,0.27255249666258224,2.1638080114642277
2.9963619256513607,3.8426534539975097,0.40928375488509855,1.9128642924111776
3.0555215902918174,3.8507709538538824,0.627350692639473,1.705299538322431
3.0280243574436447,4.4258148467858085,0.4031006187950176,1.9060807546183798
3.0281952346470167,3.8978691602255915,0.5052569233814266,2.0602534105559145
3.020541262262975,3.9112247841504733,0.19464839873893522,1.4145174766166893
3.066766391651798,4.005383446002184,0.513424736081643,2.1272580734256303
3.0311400911113093,3.855881257482531,0.5739696412187704,2.0324921558257407
2.9826905148295775,3.8811266535842406,0.653821268684897,1.6886002024924178
3.0033979256320857,3.848108305236281,0.3533590776345516,2.50841739169427
3.032060623956862,4.154483700810293,0.4196251886660836,1.6349011696239648
2.9975734679459665,4.215314135771985,0.5122964574033534,1.568008706644852
3.01860926563717,4.033866451249316,0.6229931637106362,2.0681222760858846
3.017726868414751,4.0066694330680495,0.5043381653947517,1.9146289720526721
3.0869536887084785,4.07279039379141,0.43635988675446385,2.1069656860815753
3.0013310728206775,3.9344447548419907,0.42078526264491656,1.5853443056913856
3.034325996504402,3.9289913085108727,0.562803365464095,1.5931887347273186
2.970752559858278,4.006114503051614,0.8357787971662818,1.6605691662151125
2.9970148466819753,4.064992570857417,0.6680466881416556,1.635099186883217
2.987999275052589,4.052170631658592,0.611365861255875,2.123101518738333
2.9623104052302804,3.9589646189110166,0.5235215969090281,1.5579218155411896
2.9948347138007065,3.9107455691811954,0.44510157100714587,2.262516063560746
3.0118008486447043,4.084945528182749,0.7196254905702012,1.6418565167295305
3.089189127107539,4.0885205702632215,0.4973956476519341,1.9975076437769816
3.027780505931454,3.904375926876811,0.48595238083192827,2.3186135925466203
3.056559256247956,4.143073587543783,0.479927259331721,2.347817354295169
2.9388311076005422,4.064206542622416,0.4286209993893084,1.685605747053528
3.0059744424264268,4.059616073337636,0.36614580808030606,1.6144993122431495
3.0058102675468676,4.000571089956161,0.6028151764772748,1.494517317304176
2.966907937711694,3.841141075173417,0.5617581423781124,2.1718677695103397
3.013217145272838,4.093503117780967,0.46842335723159445,2.223347193987968
3.031726830771627,3.957709648045721,0.44597091726067534,1.8158072892329964
3.0347271470747246,3.959584722329593,0.378163355416758,1.4647331161964134
2.983042004362458,4.129723357350708,0.4986303148201004,2.3238526810042743
2.9771906195606106,4.015722399072081,0.5247898833003012,2.2684482266520423
3.031520887050727,4.120106450250378,0.7223472078586822,1.9920933501937366
3.082696691876063,3.8336700805358075,0.6634780200571734,1.8773065111500473
3.0712791483029878,3.989792346110902,0.5060208408950909,1.6454941140172978
3.00453203331026,4.013257463079017,0.515386213224329,1.7228140034024546
3.0129664666861853,4.068153505754762,0.6056356530655308,2.1410554407832207
3.0596309653647613,3.937999884725084,0.5947850585619445,1.7931188497206798
2.990739892860844,4.027739415805519,0.5302747639552847,2.669503728679682
3.029854244705883,3.901047654547359,0.35729585272446185,1.866866210734709
3.0172638618203904,4.090209616990782,0.4563323258394736,1.8739186559688756
3.0122284480314856,3.9758414931086965,0.48646859397165176,1.9005352473219606
2.9702572198026687,4.009868706164885,0.3524715963229529,1.645824296113697
2.9914291542495777,3.766232835639058,0.516361889874189,1.5415900233740052
3.014633560236769,3.862367875058008,0.5353604340306817,1.9907716702918095
3.074706830526255,4.101578484607697,0.8762590042414561,1.4597706454101291
2.9941443529888105,4.052314709143174,0.826855328596327,1.7572154336403583
2.9614274262896894,4.146311661689514,0.6402707239282988,2.009727080825009
3.0340231533176225,4.146470956584894,0.568572110642831,2.0649668865339814
3.014928805183772,4.0637966384417465,0.808995777919142,2.1469393663294483
3.097184243419865,4.0110540936970365,0.5327006297490127,1.7653336254528469
3.0041527706513076,4.144456922345627,0.6303466425908301,1.7765783842784288
3.0070596407815673,3.9618160569531122,0.29397702751945076,2.191636949012768
2.9997864152199294,3.9557221830444864,0.5652525857060455,2.233100187179739
3.0171101349011478,3.9119357332539244,0.3643224873223147,2.087810976449503
3.0520808362494383,4.087819734583241,0.37106239629606597,2.3906643823028886
3.031818240253724,4.092486409591452,0.6433113602343832,1.896030540122574
3.06322028622869,3.953651650040885,0.3710332498893081,2.1210400234971365
3.02377975487812,4.008884857830539,0.495939092940669,1.7695134677272528
3.0363677126800295,3.9752046469579043,0.3727559471049806,2.5041942193484497
3.0123383538753283,3.8887119220923125,0.40526778039594824,1.8925051393424592
3.0620033796515713,3.893608371268722,0.5883472108928993,1.7446600109285717
3.0328641433448875,4.2036110166156835,0.25597599190764686,1.8637622987285727
2.955783503364867,4.1048642807383064,0.7552715406884709,1.7250791538300585
3.0274172951591254,4.060838394050412,0.5567859585789493,2.0706991693248042
2.9682464168697615,3.886638198404522,0.7137442798672542,1.4762463825883576
3.0314416567957414,4.032627760149297,0.4946068861440602,2.1092953228875824
3.0289384563133606,3.8955319497525447,0.4490439543942473,1.6325085551054215
3.041014134875518,3.9809930340128528,0.37675011236304873,1.5847574650966074
2.971632869831281,4.06717532828854,0.4891674726812437,1.731657027863402
3.0401477769951306,4.020279966600362,0.48133984876430097,2.732004445308924
2.972113797723521,4.084697432463902,0.5263149387635891,2.1652051622341495
3.033485911080522,4.2170890281517535,0.39016081406291614,2.063180624877325
3.051454100454385,3.6541120027661917,0.6250999801673295,2.2211840585610227
3.0308447143873956,4.191511857742011,0.4706179813066496,1.7742738378429188
2.988478940074765,4.112965430177219,0.6203436611553034,1.6764221051519101
3.03153161179955,4.251826501738364,0.13218485605590546,2.3800873468884514
3.0923595672066004,4.166915430063962,0.9385947135146131,1.8632774113442534
3.036610448057475,4.114388803692283,0.49922589055570615,2.427830297619582
3.0047884206930022,3.80326889702639,0.4972717084654,1.3550131512200276
2.974515749026088,4.133279559743497,0.560701385649043,1.996448050830653
3.039539426229459,3.8297269257365802,0.6715474216941137,1.4135796157282936
3.0493245316682263,3.9901891154032243,0.9017566525125995,1.862333891684246
3.046544842035072,4.047674313402248,0.7188871491028738,1.981054227141808
2.981189137894322,4.049644163205914,0.35308809715270245,1.7544176210021472
3.077124218702695,3.9144523760745367,0.3881232923904408,1.7947603750529473
3.074208175668009,3.7636902284458773,0.5768936362966662,2.308703286659235
3.0294918749890525,4.0982459537165825,0.2604693761285829,2.1298327593383655
2.9974705899729783,3.980444974623067,0.4077074037188262,2.063454795985892
3.0629583844097734,4.134895625589552,0.6668848336962137,1.836285824959168
2.953462210683472,4.026717883752903,0.43672750946618366,2.1177997819790777
2.969875252912016,3.9727570768464804,0.41425413605376565,1.9248211151126196
3.0580780457801664,3.8801869195650425,0.3358793350762773,1.5434431188463746
3.045140308965841,3.835623602022495,0.5677667892863093,2.5456185514869816
3.0313617019030077,4.058228633849701,0.47525345584494044,1.700246485605279
2.983974913549971,4.055129093950003,0.6404275284732579,2.2350588671975338
3.0114247914857786,3.9003778454039066,0.7110788098611504,1.707155367577673
3.0172808791851864,4.0277406550745285,0.7751096440687286,2.156297918510987
2.968633211423673,3.998208145405976,0.4117093466165872,1.9546666818248783
2.9846830344489947,3.7778038568993386,0.30914203496739934,1.6719388993656028
2.9802206603127157,3.864913199159914,0.5307649949118055,1.5274295970273335
2.9843903202389814,4.118525631134379,0.22651392550005864,2.3044485164503254
3.064559708512323,3.9576642053471702,0.44061624938811916,2.0871016168179533
3.006266951486369,3.9477966808120373,0.5449325859625811,1.8382922539262345
3.020865922165308,4.011752864527579,0.5595811349251538,1.8178144770782685
2.9925541033154173,3.7668795493768417,0.4885816908710811,2.4440433132180757
3.0083562915865385,4.148726637170272,0.5375398631985704,2.0796437933357783
3.0106110640542245,3.9659607107537838,0.6401296636254185,1.8733131462443287
3.0334864727115582,4.128577650331416,0.46590550277913334,1.9442500718140683
2.987241813041621,4.061630431403016,0.5395714858553312,1.798046976090885
3.086885859059041,3.9820038893042615,0.3337697378500471,1.7946618266452907
3.04237424850974,4.237340558688539,0.43413628584900626,1.6580524281907458
3.031664383234085,3.959850947695167,0.5055853464342298,2.047813401140168
3.0918647389166414,4.032350174782855,0.3246145696882187,2.010342024514543
3.050883116229218,3.930590791654223,0.5041303016220845,2.236583720664501
3.0229922632010884,3.9767043392563495,0.5359007348885338,1.9703845971214473
3.003141886563707,3.9444679430584206,0.67879640876266,2.080916205719552
3.0289367830226963,4.047584562404782,0.4455412496494986,1.8265460322564775
2.9907103449511028,4.009481104476534,0.5611360045617447,2.305150786546667
2.9701020501075353,3.898840525160427,0.29665312922262227,2.4289542334361576
3.0644165899230225,4.0720275890877025,0.5538547953185534,1.748535955160488
3.0510095428908968,4.17023384408915,0.5142910638296989,1.6913052660318475
3.039710454843039,3.9944374094664084,0.6359858398589584,1.760979489785284
2.9496612990305255,3.8933516052437174,0.6108815497011356,1.72322347243253
3.041224144222632,4.073295085158353,0.4519074218479721,1.9257617009781658
3.040757505311692,4.179584135715572,0.21805376159903095,1.9233738820656163
3.0516692947484754,4.10200426095409,0.5596852530477805,2.4860985838749556
2.984192025564528,3.8706390367990977,0.4481119775575783,1.7288779130154392
3.060407637601708,3.981980454056931,0.7193018457752511,2.0403446331920243
3.093843411216584,4.0941122450421386,0.3798728197490053,1.797927005218108
3.022128602197234,4.039475981449,0.6391588463064894,1.5009624357381854
3.0602734294464344,3.906154944663589,0.6171419707805483,2.074963565532707
3.006782431293469,4.244453972729158,0.3467912566485106,1.9972951843750233
3.0517226970364297,4.067596920591259,0.6080659099494943,2.1470998509546506
3.0248635446009513,4.041872994918368,0.1852982807533824,1.954854318028965
2.978953656737635,4.027189729312945,0.3928017325741085,2.1106721294986888
3.0639423895548137,3.9639334451441868,0.35504125957733446,1.6597266950842893
3.0029913265735093,4.202029447528424,0.6061082085638302,2.2217065588881333
3.0175123568059616,3.9264270663337224,0.6688673907526843,1.9807991008856944
3.003368784294098,4.080013610658103,0.7859565556796756,2.0087299357746016
2.9957244695548684,4.165509743303523,0.7853182113767199,1.7735493937459852
3.002262749593652,3.9732226349801105,0.627032002768778,2.561985634136568
3.046812034052521,4.040420353006622,0.45844430445032647,1.6292105606646987
3.015874585682264,4.189612302102821,0.33364912158279747,1.334452693020786
3.0004049542309112,4.047826175670975,0.3753742687458471,1.9490328364598912
3.0407387988841608,4.0528427294010045,0.49873977565542826,2.447930296014662
3.1026054159188505,4.085659534694368,0.39593381465848937,2.1736257433045525
3.045745206773776,3.9293708902373305,0.6118817599562679,1.9053564861218466
2.9811647415438225,3.983247556852821,0.6037383722403835,1.9954801088041096
3.009827328913059,4.259482488076912,0.6156945256165443,1.9685194957327974
3.0119822581304367,3.9488442165547815,0.354330509126317,2.4262825235906815
2.9656010806242437,4.032306911519079,0.45433484101783017,2.3859945368200854
2.938281732439354,3.7935548287896848,0.4089130698047841,2.0345069604847965
2.9705011973133564,4.048784397933262,0.7367514494350924,1.664462256638024
3.076141384677483,3.9947433408401043,0.6708632480862341,1.4554705718655583
2.9435656350762582,4.177256804647092,0.4003622310717239,1.5692259841078329
2.9760807059216874,3.9679594116425583,0.36952255549176083,1.6670967410347133
3.073870330877875,3.8924076066994737,0.3855911169409929,1.7078550497945824
3.0633203182709834,3.898709296617421,0.8103117498182704,1.7539147427182984
2.931540919727882,3.9547007256882725,0.5961491518996687,2.209056772385026
3.0991282271346785,3.839993884106564,0.3944672605496717,2.2609787777557657
3.0410053880834376,4.026864717460667,0.588763949883861,2.275944921241399
3.01059702791784,3.99656181315295,0.5137850793502232,2.072048362490314
2.974494634425845,3.912026333559324,0.5681123602589688,1.8288028340368627
3.001888552267981,4.078292906947864,0.5582524255563607,1.8599064635665647
3.0330388176497736,3.9582708293837854,0.5717589271993129,1.9670541142939215
3.130510869204194,3.9594887696608323,0.3778613456624523,2.182626668238605
3.006916446018914,3.8064419966807774,0.4919239866293121,1.9265264332745686
3.0603369322084997,3.7801560467152173,0.6226914982299523,1.4964256008277883
2.9748961678071097,4.003276299761572,0.6068051420060199,2.375391908627135
3.04765178716225,3.878368594824705,0.45105304979922356,1.8387717764438207
2.993389253048567,3.798793934971212,0.6790501880161677,2.4607014533600298
3.027224193016508,3.858348164549601,0.47746069436770994,1.7778207726271291
2.995719100839196,3.9324959834135713,0.633411714971782,1.8794582436690728
3.063639665276147,3.9842920783400477,0.4632488519813268,1.844563680468942
2.9953236179465828,4.048440881867003,0.4967813362849245,1.741542399979507
2.9996455288779424,3.9127198096137414,0.5251252728154207,1.6124947927029227
3.031564197922641,4.000992776034759,0.4974283263594859,2.008407346039686
2.939543694411434,4.089894888859068,0.5726866484766174,2.3015988945207746
2.968986060918759,4.084733990728092,0.7349805172527545,1.8895562208806314
2.995487700759809,4.211635324860462,0.48645489428386934,2.164948449167243
3.0747235805918844,3.9588977611600717,0.28059060473054026,2.115762111321915
3.011147503403946,4.0004200937274765,0.5138702329922901,2.0492553843105394
2.9738593770812978,3.970781302071424,0.5078626118087491,1.5255774844139107
3.03436368883283,4.082107498727111,0.35336689156869505,1.962582932770234
3.0726563969338474,4.063291413516476,0.4619409707464153,1.8175335847631375
3.096901381210292,4.019601659558237,0.48327285736002834,1.9251671931864411
3.0204187251721937,4.216187846108405,0.5533246740990676,1.8940086759168853
3.030830110433473,3.963401447527529,0.751055184905166,2.2305267610146515
3.0388994570679744,3.9456400983737416,0.4740866408811013,1.9229737402854878
2.9674610821260785,3.9865136467386963,0.3637456435160999,1.322959696726165
3.0617986143139038,4.198678226467388,0.41041281443514144,1.6624380563175714
3.0296009443426213,4.045607610347495,0.688807246929106,2.291094585006925
3.0102097910725307,3.9916034319999487,0.5799030248525974,1.6987668835681518
2.9885631568139575,4.029486115962368,0.3511320827943057,1.4251120889913766
3.0110028396634747,4.016141319299012,0.46417968721053965,2.138280902900419
3.1374262090919807,4.023116863940499,0.2743964425328267,2.3151543312247966
2.9679174242471236,3.9966026955444667,0.510229359359924,1.508919882405972
3.0216395587400617,4.233721183417673,0.6533590546514348,1.7117312997924545
3.030812242182021,3.899977055359237,0.5561809016716398,1.293334074056815
3.0033517567245704,4.078428433406298,0.42088650492126056,2.129290459392605
3.029904617257543,3.8112950127413496,0.6166880412225638,2.091326604807802
3.0452543421826483,4.2147034235866165,0.643662548808244,1.4884627360753904
3.0082728864027586,4.099606889423571,0.59406813446331,2.144022294427814
3.0369654676836872,3.940803962229938,0.6459880483185441,1.764102080842254
3.014089306709371,4.111380631080031,0.48748201465984825,1.507157292964631
3.0406814171694427,4.225803738556748,0.9120661719082531,2.2384834862950242
2.9858670549220414,4.015378426250363,0.49400892119753037,1.6599524483133137
3.03057790559221,4.205055583452727,0.3353679788343766,2.1424945117530876
2.98706135804162,3.8847149159128835,0.4169549365069753,2.1721763146982465
3.0117465336184166,3.8565996298944256,0.7710289140006958,1.9936225011644269
3.055094763753086,3.95539951229648,0.527788502022538,1.802989186969018
3.056598531803025,3.9850064792211812,0.6159460102710697,1.7692066354372806
3.0145422599714067,4.022473927215304,0.7546137552072485,1.9288294369364865
2.949813719719289,4.015935258669746,0.6523678460668937,2.0836438037708893
2.966082949925426,4.037157599488363,0.5442842579824817,2.3729487185738525
3.047829253517139,3.8006442557082454,0.4274579038579349,1.9444291828253784
3.0561537796212956,4.0431727475765555,0.353928199392657,2.0525099078209603
3.0071638862059906,4.108201933234552,0.704521828454056,1.920271787143685
3.0628654777883484,3.9125472311589693,0.7783981430929,2.540355912658966
3.0848482126586516,4.162945129494597,0.6432396282684051,1.9791386405934395
2.911658351401633,4.194720557505022,0.4851975662999637,1.8547536544801153
2.9710205760233284,3.964244653722843,0.5700352096573634,1.7664184895409822
3.020957947455482,3.9683857029337766,0.46647828093374255,1.8887146057931674
3.0539681885181036,4.0689896138577195,0.7078757372685824,1.9622591690595312
2.9528413242842033,3.78784394322969,0.2296505178085675,2.0784170905403316
3.001175079824421,3.9040154497400072,0.370642656675448,1.9170280637712416
2.972792230396569,4.011968655228282,0.6977353028664705,2.008297594954291
2.9364470059954413,3.887593716644786,0.4278930102652248,1.485938796472433
3.0828374764363105,4.009865514636299,0.2852767531166605,1.7796297214918049
3.0882545960037375,3.9326834382551437,0.6540368762339498,1.6760033598797421
2.9772982453626837,3.8460257415119807,0.698700631591645,2.2942733615486293
2.981380632913898,3.905643302188301,0.5130202313444583,1.702010353696844
2.9748121084957977,3.891667708339112,0.2926987874996465,1.5935823339873503
3.059386353988141,4.013700811386084,0.16101696300619636,2.55714825133882
3.0942286322648855,3.8357194143361513,0.386023332957035,1.8582540760507993
3.085545408802132,3.940500242195693,0.44611990948791125,2.270825798550012
3.0037939668278892,4.1119378497308094,0.6476601043609567,2.178170022785341
3.030349732692037,4.14865085700227,0.4460866678919992,2.0155540773646727
3.0476092291298893,3.88946575515716,0.8112419348720925,1.6003808092515421
3.008716536682601,4.040471446330342,0.7125261775119048,2.5949216944909623
2.973263774492633,3.945303189134227,0.657049982083689,1.6903886934983063
2.981729899642537,3.9555556641425293,0.42269727087137554,2.224536317157289
3.00757587634068,4.126450056666531,0.5576626110353442,2.0818220057187835
3.012869878817838,3.873324950706196,0.7245354656068321,1.9545537031374791
3.02536602714325,3.9241462057611014,0.6240045839461251,2.4632287734202687
3.0419937726293806,4.017721796757378,0.5272784730277901,2.043972338414706
3.009055821643893,4.066759858875265,0.41498226985400416,1.8761714744382556
3.020253381172645,3.89487909547017,0.4513681525560487,2.295807938037063
3.0212673811970534,3.943187090954709,0.5717234168247426,1.986556190414029
3.014698444606964,3.9470027425429564,0.7409660860748855,1.6836790756429165
3.004966887816371,4.0641915659514485,0.5394362946580264,2.1767318629735275
2.9843315612610275,3.8968729796625494,0.44239371060553656,1.5621304293891967
3.038086813908814,3.8733677127659583,0.38697422173057927,1.8438990955560237
3.0301557771686367,4.073598000200923,0.5431423010026729,2.10247683124006
2.9569029885504925,4.06902188867656,0.5657181056091061,1.8146930721131347
3.0528753452456834,3.998761440028649,0.14078504824494828,1.988651130975929
3.058430495350357,3.8781754076595547,0.5215824508628193,2.5580412643864006
3.033626355151288,3.889036152501718,0.37884756001827047,1.7623265746141923
3.01004512908274,3.841767266528349,0.21367112438434027,1.5162768343674495
3.0200926514277127,3.7234283240493666,0.5731057455396238,1.9789943600434126
2.9871186836314143,4.06515178853178,0.30709422333242997,1.4745776673406563
2.970197209807729,3.8763699249299486,0.4349305389068046,1.8914379041323741
2.9679082491905104,4.181520245921761,0.4932609153244707,2.2612423870064484
3.049783554808483,3.80208710399998,0.4683348422447238,2.291290429679453
3.0483531504130084,4.043171376406335,0.626333918070265,1.5882344612890678
3.003798028574259,4.1632311701675,0.7046857190006871,1.6096281315323397
3.0763441899369077,4.121968351821427,0.6299133654056105,1.529365324751927
3.028071905949846,3.9293316060542547,0.5123742009810118,2.5566034869913414
3.0417601738773237,4.020638478580088,0.45276973051838215,1.9263197927563123
3.021349603724266,3.856461657673447,0.4743773088255119,1.2960864052180188
3.0676155079724516,3.936237907710444,0.34989077863704593,2.2844171550551606
3.0679841555576735,3.97972279422282,0.4606918867912693,1.9567052483449885
3.1314839832295536,3.9508549568334037,0.26750769975875993,2.1430584617486295
2.988070132896767,3.997369456787821,0.5772910948932498,1.7062747112822856
2.999390100352538,3.912681371852416,0.517352936968339,1.8559314041711246
3.030501598417305,3.939444015381636,0.47763961790959164,1.2737954319874913
3.1180229999687414,4.107637851903351,0.36236139665288397,1.6125151057831604
3.0027116109267684,3.9769876136139106,0.40054474371935955,2.169879554192186
3.0738662690406713,4.185286726948422,0.25388518748803623,2.1698732249355372
2.999764302701069,4.035896526270543,0.5279634804828913,2.1611013980486007
3.040942832035172,3.826078263935005,0.49590300167939766,1.6877349046002292
3.0441834000777623,4.035175874155669,0.5930079952232172,2.319484152936531
2.968899818114429,3.9212952062085766,0.5900875600853999,1.7846947070134387
3.008288957249266,4.143948215358155,0.5984804224119122,1.7949273139515
3.0045808257724693,3.8776689515949507,0.4374998288334548,1.316755265876367
3.0392685216473767,3.957602681648626,0.7629349005358425,1.648596284389677
3.0165965109632054,4.031564243856743,0.6058977351538031,1.611231234867522
3.0262572921462416,3.9454360736623055,0.2584253332198138,2.1104411403865333
3.041076509746347,3.9262705685948593,0.4578022387455807,2.3786607985375645
2.988260272598533,3.940879177519584,0.6342966661703471,1.7576206013207263
3.0265846049243037,4.286693720419339,0.29560631461523057,1.3812214737356805
3.06786259818653,3.9734020068732336,0.4131527244981229,2.2614136888752623
2.957965725963921,4.006319658421374,0.3495280644586767,1.8524266478463796
2.955864560853916,4.254842494433583,0.6491739575441278,2.247266223526248
2.979671189168654,4.11446718252927,0.38558091821601725,1.8466433298266696
3.023587843500038,3.989514230844444,0.30774364462826764,2.112369526526351
3.009676596723098,3.9257868921451156,0.5150883259520761,2.204589900007722
2.9189558596106333,3.9109268730442728,0.5398931956751297,2.4488596231979445
2.9826495460963836,3.921152167922668,0.40771401603410484,1.659223596953598
3.011676857503229,4.100925648460385,0.48798200730996183,1.8931486808408786
3.0271723687333374,3.8863314981966894,0.550618884777291,1.848077807721553
3.07624577288257,3.9533053227379913,0.6026163035348413,1.6561827634758213
2.961070740437327,3.973642233290724,0.6863474443552574,1.6815525600439647
3.080096101693226,3.9888972186665046,0.5602894706932163,2.2429384986949383
2.966345311976067,3.9781679371173237,0.4673678377918057,1.7193442058634478
3.0285845731865977,3.8438264457812212,0.6176702023759254,2.3718356914693204
3.059734683672477,3.9902408527969895,0.8132388400854975,2.0187061224456126
3.0034693647349555,3.881695833144569,0.5785993921070508,1.7002911468909958
3.0544802865283986,3.972626233021365,0.582177384443648,2.2015318163041853
3.0513834875697574,4.074139547483327,0.3544997244314446,1.9912199007542342
2.9678987555654235,3.9489967028851014,0.6145647619549736,1.7053373379314767
3.1124650990305467,3.9491299506305158,0.47632438390375686,1.9166394220063523
3.046524374802249,4.005860210673633,0.5228588523085362,1.837034117011549
3.081108447729261,3.964170391762047,0.19618473330680583,2.3515882597341276
2.9916874918952097,3.9243922854602453,0.4198408152280399,2.029531114936601
3.0768498178763517,4.273186238405743,0.6687642543231586,2.2853233448181536
2.9702191459213827,4.031320828561624,0.4093025583683091,2.3095377950663125
3.016711123179503,3.925977363865578,0.6255355012910381,1.5777464468371831
3.060125624320253,4.204123488161285,0.5177142986853881,1.9764182327303543
3.0614242950019257,4.04332982562073,0.48627193870597396,1.8796502729297278
2.9592338705681716,3.828568556922829,0.388093107968661,1.4133035936386456
3.0116101167241696,3.9127528967031693,0.5731393049445341,2.2431239908297207
2.947112947738059,3.8024031499106945,0.5927824356687454,1.778752644231777
3.0544314954661664,3.9823993667874955,0.4274881930358962,2.1352941576765865
3.0200642561647784,4.121896702566083,0.506373940691604,1.840136699564365
3.002044525200261,3.9759814528690236,0.5110673277790114,2.0637436327722485
3.0959022074969416,3.9347312045785645,0.4675614382718584,1.9217376654921967
3.0045533206125614,3.9494029375391553,0.18715180685705385,1.7168730808082744
3.1329231978077057,3.984392291249936,0.49856101610665593,1.7340041853572217
3.1084502286204736,3.989016635422878,0.6972152180996072,1.7497528865828262
2.98472237697484,3.9653702572855347,0.3846528583467385,1.5921481173848235
3.068422943836625,3.7991578382199576,0.301897781015526,2.340956514994921
3.0011898671555377,4.140681565894519,0.5755893576839007,2.3972050552096427
2.9875374625644606,4.110698631554148,0.674331719563829,1.8208690849415927
3.029681320106569,3.996427209242873,0.5489141753287291,1.7697124659886416
3.0015087207410933,4.006368452196291,0.46642198701589765,1.9987218323735427
3.0254015177751543,3.828482820618054,0.6821901565316285,1.9463767131697602
3.017789082397129,4.130808675670637,0.6348340023666567,2.240918915460136
3.009652692803663,3.9819354430352534,0.30025517116533623,2.1745066457920643
3.0578144792250863,3.979491043987489,0.8529178352190326,1.553857062344432
2.9988437094757705,3.824297274481794,0.6035496132330964,1.8386399828640752
3.0828739631392374,4.136030337827358,0.5046536148472054,1.5558018416236337
3.0703270800215594,4.172352852305271,0.5659417155521106,1.8179270499812388
2.997386309317686,4.102719073732149,0.5226537570902285,1.4931712629585256
3.093252064313672,4.135545166236362,0.2993539653938399,2.190012610700153
2.936814615930772,4.087581696545952,0.3570331761771733,1.3944655799493264
3.0703342959252504,3.9314084725003196,0.41802395965823363,2.2666053103876145
3.087372429327791,3.928583895974498,0.5066928910510287,1.796454240960772
2.9713573720668434,4.022768565104915,0.7884162574012441,1.683262905549475
3.0382608384297622,4.009655424765086,0.26915549544338224,1.3310245706907933
3.0419592001788347,4.056194685005956,0.5381646858863601,2.338631409629158
3.061963255145557,4.050807269941256,0.6334423207950912,2.224290850681609
